ags,municipality_name,vote_type,party,votes,percent
08126039,"Ingelfingen, Stadt",Erststimmen,AfD,38,24.8
08126039,"Ingelfingen, Stadt",Zweitstimmen,AfD,34,22.2
08126046,"Künzelsau, Stadt",Erststimmen,AfD,37,31.1
08126046,"Künzelsau, Stadt",Zweitstimmen,AfD,34,28.6
08126056,Mulfingen,Erststimmen,AfD,42,28.8
08126056,Mulfingen,Zweitstimmen,AfD,43,29.9
08126072,Schöntal,Erststimmen,AfD,39,21.9
08126072,Schöntal,Zweitstimmen,AfD,35,19.6
08126085,"Waldenburg, Stadt",Erststimmen,AfD,40,23.0
08126085,"Waldenburg, Stadt",Zweitstimmen,AfD,39,22.5
08127032,"Gerabronn, Stadt",Erststimmen,AfD,75,24.4
08127032,"Gerabronn, Stadt",Zweitstimmen,AfD,76,24.8
08127047,"Langenburg, Stadt",Erststimmen,AfD,20,30.3
08127047,"Langenburg, Stadt",Zweitstimmen,AfD,19,28.8
08127073,Satteldorf,Erststimmen,AfD,37,22.2
08127073,Satteldorf,Zweitstimmen,AfD,40,23.8
08128020,"Creglingen, Stadt",Erststimmen,AfD,62,29.8
08128020,"Creglingen, Stadt",Zweitstimmen,AfD,69,33.0
08128039,"Freudenberg, Stadt",Erststimmen,AfD,31,14.2
08128039,"Freudenberg, Stadt",Zweitstimmen,AfD,33,15.2
08128047,"Grünsfeld, Stadt",Erststimmen,AfD,36,17.0
08128047,"Grünsfeld, Stadt",Zweitstimmen,AfD,39,18.4
08128058,Igersheim,Erststimmen,AfD,20,16.5
08128058,Igersheim,Zweitstimmen,AfD,26,21.5
08128061,Königheim,Erststimmen,AfD,21,14.3
08128061,Königheim,Zweitstimmen,AfD,25,17.1
08128064,"Külsheim, Stadt",Erststimmen,AfD,13,23.6
08128064,"Külsheim, Stadt",Zweitstimmen,AfD,12,22.6
08128126,"Weikersheim, Stadt",Erststimmen,AfD,13,21.0
08128126,"Weikersheim, Stadt",Zweitstimmen,AfD,13,21.0
08128128,Werbach,Erststimmen,AfD,45,24.1
08128128,Werbach,Zweitstimmen,AfD,47,24.9
08128139,"Lauda-Königshofen, Stadt",Erststimmen,AfD,11,26.8
08128139,"Lauda-Königshofen, Stadt",Zweitstimmen,AfD,10,24.4
08135010,Dischingen,Erststimmen,AfD,83,33.6
08135010,Dischingen,Zweitstimmen,AfD,79,31.7
08135016,"Giengen an der Brenz, Stadt",Erststimmen,AfD,22,19.6
08135016,"Giengen an der Brenz, Stadt",Zweitstimmen,AfD,20,17.7
08135020,"Herbrechtingen, Stadt",Erststimmen,AfD,23,34.8
08135020,"Herbrechtingen, Stadt",Zweitstimmen,AfD,22,33.3
08235006,"Altensteig, Stadt",Erststimmen,AfD,76,29.1
08235006,"Altensteig, Stadt",Zweitstimmen,AfD,75,29.0
08235020,Ebhausen,Erststimmen,AfD,24,21.1
08235020,Ebhausen,Zweitstimmen,AfD,26,22.8
08235050,Neuweiler,Erststimmen,AfD,54,33.1
08235050,Neuweiler,Zweitstimmen,AfD,56,34.1
08237073,Seewald,Erststimmen,AfD,17,22.4
08237073,Seewald,Zweitstimmen,AfD,18,23.7
08326005,"Blumberg, Stadt",Erststimmen,AfD,13,17.8
08326005,"Blumberg, Stadt",Zweitstimmen,AfD,17,23.3
08326052,"St. Georgen im Schwarzwald, Stadt",Erststimmen,AfD,22,25.9
08326052,"St. Georgen im Schwarzwald, Stadt",Zweitstimmen,AfD,20,23.0
08336087,"Todtnau, Stadt",Erststimmen,AfD,8,14.3
08336087,"Todtnau, Stadt",Zweitstimmen,AfD,8,14.5
08336089,Tunau,Erststimmen,AfD,21,24.1
08336089,Tunau,Zweitstimmen,AfD,21,24.1
08336091,"Weil am Rhein, Stadt",Erststimmen,AfD,50,16.1
08336091,"Weil am Rhein, Stadt",Zweitstimmen,AfD,53,16.9
08337062,Klettgau,Erststimmen,AfD,50,24.5
08337062,Klettgau,Zweitstimmen,AfD,50,24.5
08337125,Küssaberg,Erststimmen,AfD,16,29.1
08337125,Küssaberg,Zweitstimmen,AfD,16,30.8
08425020,"Blaubeuren, Stadt",Erststimmen,AfD,25,25.8
08425020,"Blaubeuren, Stadt",Zweitstimmen,AfD,27,28.1
08425033,"Ehingen (Donau), Stadt",Erststimmen,AfD,39,16.5
08425033,"Ehingen (Donau), Stadt",Zweitstimmen,AfD,42,17.9
08425075,Lonsee,Erststimmen,AfD,17,23.6
08425075,Lonsee,Zweitstimmen,AfD,21,28.8
08426097,"Riedlingen, Stadt",Erststimmen,AfD,22,15.6
08426097,"Riedlingen, Stadt",Zweitstimmen,AfD,27,19.1
08426121,Unlingen,Erststimmen,AfD,23,32.9
08426121,Unlingen,Zweitstimmen,AfD,24,34.3
08426124,Uttenweiler,Erststimmen,AfD,42,33.6
08426124,Uttenweiler,Zweitstimmen,AfD,50,39.7
08437031,"Gammertingen, Stadt",Erststimmen,AfD,43,31.4
08437031,"Gammertingen, Stadt",Zweitstimmen,AfD,40,29.2
08437078,"Meßkirch, Stadt",Erststimmen,AfD,27,20.6
08437078,"Meßkirch, Stadt",Zweitstimmen,AfD,29,22.5
08437088,"Pfullendorf, Stadt",Erststimmen,AfD,12,13.2
08437088,"Pfullendorf, Stadt",Zweitstimmen,AfD,13,14.6
08437100,"Bad Saulgau, Stadt",Erststimmen,AfD,33,14.2
08437100,"Bad Saulgau, Stadt",Zweitstimmen,AfD,32,13.8
08126039,"Ingelfingen, Stadt",Erststimmen,BSW,0,0.0
08126039,"Ingelfingen, Stadt",Zweitstimmen,BSW,0,0.0
08126046,"Künzelsau, Stadt",Erststimmen,BSW,0,0.0
08126046,"Künzelsau, Stadt",Zweitstimmen,BSW,0,0.0
08126056,Mulfingen,Erststimmen,BSW,0,0.0
08126056,Mulfingen,Zweitstimmen,BSW,1,0.7
08126072,Schöntal,Erststimmen,BSW,3,1.7
08126072,Schöntal,Zweitstimmen,BSW,3,1.7
08126085,"Waldenburg, Stadt",Erststimmen,BSW,1,0.6
08126085,"Waldenburg, Stadt",Zweitstimmen,BSW,1,0.6
08127032,"Gerabronn, Stadt",Erststimmen,BSW,5,1.6
08127032,"Gerabronn, Stadt",Zweitstimmen,BSW,6,2.0
08127047,"Langenburg, Stadt",Erststimmen,BSW,0,0.0
08127047,"Langenburg, Stadt",Zweitstimmen,BSW,0,0.0
08127073,Satteldorf,Erststimmen,BSW,2,1.2
08127073,Satteldorf,Zweitstimmen,BSW,2,1.2
08128020,"Creglingen, Stadt",Erststimmen,BSW,,
08128020,"Creglingen, Stadt",Zweitstimmen,BSW,4,1.9
08128039,"Freudenberg, Stadt",Erststimmen,BSW,,
08128039,"Freudenberg, Stadt",Zweitstimmen,BSW,1,0.5
08128047,"Grünsfeld, Stadt",Erststimmen,BSW,,
08128047,"Grünsfeld, Stadt",Zweitstimmen,BSW,0,0.0
08128058,Igersheim,Erststimmen,BSW,,
08128058,Igersheim,Zweitstimmen,BSW,1,0.8
08128061,Königheim,Erststimmen,BSW,,
08128061,Königheim,Zweitstimmen,BSW,1,0.7
08128064,"Külsheim, Stadt",Erststimmen,BSW,,
08128064,"Külsheim, Stadt",Zweitstimmen,BSW,1,1.9
08128126,"Weikersheim, Stadt",Erststimmen,BSW,,
08128126,"Weikersheim, Stadt",Zweitstimmen,BSW,0,0.0
08128128,Werbach,Erststimmen,BSW,,
08128128,Werbach,Zweitstimmen,BSW,2,1.1
08128139,"Lauda-Königshofen, Stadt",Erststimmen,BSW,,
08128139,"Lauda-Königshofen, Stadt",Zweitstimmen,BSW,0,0.0
08135010,Dischingen,Erststimmen,BSW,0,0.0
08135010,Dischingen,Zweitstimmen,BSW,2,0.8
08135016,"Giengen an der Brenz, Stadt",Erststimmen,BSW,0,0.0
08135016,"Giengen an der Brenz, Stadt",Zweitstimmen,BSW,0,0.0
08135020,"Herbrechtingen, Stadt",Erststimmen,BSW,1,1.5
08135020,"Herbrechtingen, Stadt",Zweitstimmen,BSW,1,1.5
08235006,"Altensteig, Stadt",Erststimmen,BSW,,
08235006,"Altensteig, Stadt",Zweitstimmen,BSW,2,0.8
08235020,Ebhausen,Erststimmen,BSW,,
08235020,Ebhausen,Zweitstimmen,BSW,0,0.0
08235050,Neuweiler,Erststimmen,BSW,,
08235050,Neuweiler,Zweitstimmen,BSW,2,1.2
08237073,Seewald,Erststimmen,BSW,1,1.3
08237073,Seewald,Zweitstimmen,BSW,0,0.0
08326005,"Blumberg, Stadt",Erststimmen,BSW,,
08326005,"Blumberg, Stadt",Zweitstimmen,BSW,0,0.0
08326052,"St. Georgen im Schwarzwald, Stadt",Erststimmen,BSW,,
08326052,"St. Georgen im Schwarzwald, Stadt",Zweitstimmen,BSW,0,0.0
08336087,"Todtnau, Stadt",Erststimmen,BSW,,
08336087,"Todtnau, Stadt",Zweitstimmen,BSW,0,0.0
08336089,Tunau,Erststimmen,BSW,,
08336089,Tunau,Zweitstimmen,BSW,0,0.0
08336091,"Weil am Rhein, Stadt",Erststimmen,BSW,,
08336091,"Weil am Rhein, Stadt",Zweitstimmen,BSW,2,0.6
08337062,Klettgau,Erststimmen,BSW,,
08337062,Klettgau,Zweitstimmen,BSW,2,1.0
08337125,Küssaberg,Erststimmen,BSW,,
08337125,Küssaberg,Zweitstimmen,BSW,0,0.0
08425020,"Blaubeuren, Stadt",Erststimmen,BSW,1,1.0
08425020,"Blaubeuren, Stadt",Zweitstimmen,BSW,1,1.0
08425033,"Ehingen (Donau), Stadt",Erststimmen,BSW,3,1.3
08425033,"Ehingen (Donau), Stadt",Zweitstimmen,BSW,2,0.9
08425075,Lonsee,Erststimmen,BSW,0,0.0
08425075,Lonsee,Zweitstimmen,BSW,0,0.0
08426097,"Riedlingen, Stadt",Erststimmen,BSW,,
08426097,"Riedlingen, Stadt",Zweitstimmen,BSW,2,1.4
08426121,Unlingen,Erststimmen,BSW,,
08426121,Unlingen,Zweitstimmen,BSW,0,0.0
08426124,Uttenweiler,Erststimmen,BSW,,
08426124,Uttenweiler,Zweitstimmen,BSW,0,0.0
08437031,"Gammertingen, Stadt",Erststimmen,BSW,5,3.6
08437031,"Gammertingen, Stadt",Zweitstimmen,BSW,2,1.5
08437078,"Meßkirch, Stadt",Erststimmen,BSW,0,0.0
08437078,"Meßkirch, Stadt",Zweitstimmen,BSW,0,0.0
08437088,"Pfullendorf, Stadt",Erststimmen,BSW,0,0.0
08437088,"Pfullendorf, Stadt",Zweitstimmen,BSW,0,0.0
08437100,"Bad Saulgau, Stadt",Erststimmen,BSW,3,1.3
08437100,"Bad Saulgau, Stadt",Zweitstimmen,BSW,2,0.9
08135010,Dischingen,Erststimmen,BÜNDNIS DEUTSCHLAND,0,0.0
08135010,Dischingen,Zweitstimmen,BÜNDNIS DEUTSCHLAND,,
08135016,"Giengen an der Brenz, Stadt",Erststimmen,BÜNDNIS DEUTSCHLAND,1,0.9
08135016,"Giengen an der Brenz, Stadt",Zweitstimmen,BÜNDNIS DEUTSCHLAND,,
08135020,"Herbrechtingen, Stadt",Erststimmen,BÜNDNIS DEUTSCHLAND,0,0.0
08135020,"Herbrechtingen, Stadt",Zweitstimmen,BÜNDNIS DEUTSCHLAND,,
08425020,"Blaubeuren, Stadt",Erststimmen,BÜNDNIS DEUTSCHLAND,0,0.0
08425020,"Blaubeuren, Stadt",Zweitstimmen,BÜNDNIS DEUTSCHLAND,,
08425033,"Ehingen (Donau), Stadt",Erststimmen,BÜNDNIS DEUTSCHLAND,0,0.0
08425033,"Ehingen (Donau), Stadt",Zweitstimmen,BÜNDNIS DEUTSCHLAND,,
08425075,Lonsee,Erststimmen,BÜNDNIS DEUTSCHLAND,0,0.0
08425075,Lonsee,Zweitstimmen,BÜNDNIS DEUTSCHLAND,,
08126039,"Ingelfingen, Stadt",Erststimmen,Bündnis C,,
08126039,"Ingelfingen, Stadt",Zweitstimmen,Bündnis C,2,1.3
08126046,"Künzelsau, Stadt",Erststimmen,Bündnis C,,
08126046,"Künzelsau, Stadt",Zweitstimmen,Bündnis C,0,0.0
08126056,Mulfingen,Erststimmen,Bündnis C,,
08126056,Mulfingen,Zweitstimmen,Bündnis C,1,0.7
08126072,Schöntal,Erststimmen,Bündnis C,,
08126072,Schöntal,Zweitstimmen,Bündnis C,0,0.0
08126085,"Waldenburg, Stadt",Erststimmen,Bündnis C,,
08126085,"Waldenburg, Stadt",Zweitstimmen,Bündnis C,2,1.2
08127032,"Gerabronn, Stadt",Erststimmen,Bündnis C,,
08127032,"Gerabronn, Stadt",Zweitstimmen,Bündnis C,2,0.7
08127047,"Langenburg, Stadt",Erststimmen,Bündnis C,,
08127047,"Langenburg, Stadt",Zweitstimmen,Bündnis C,0,0.0
08127073,Satteldorf,Erststimmen,Bündnis C,0,0.0
08127073,Satteldorf,Zweitstimmen,Bündnis C,0,0.0
08128020,"Creglingen, Stadt",Erststimmen,Bündnis C,,
08128020,"Creglingen, Stadt",Zweitstimmen,Bündnis C,0,0.0
08128039,"Freudenberg, Stadt",Erststimmen,Bündnis C,,
08128039,"Freudenberg, Stadt",Zweitstimmen,Bündnis C,0,0.0
08128047,"Grünsfeld, Stadt",Erststimmen,Bündnis C,,
08128047,"Grünsfeld, Stadt",Zweitstimmen,Bündnis C,0,0.0
08128058,Igersheim,Erststimmen,Bündnis C,,
08128058,Igersheim,Zweitstimmen,Bündnis C,2,1.7
08128061,Königheim,Erststimmen,Bündnis C,,
08128061,Königheim,Zweitstimmen,Bündnis C,0,0.0
08128064,"Külsheim, Stadt",Erststimmen,Bündnis C,,
08128064,"Külsheim, Stadt",Zweitstimmen,Bündnis C,0,0.0
08128126,"Weikersheim, Stadt",Erststimmen,Bündnis C,,
08128126,"Weikersheim, Stadt",Zweitstimmen,Bündnis C,0,0.0
08128128,Werbach,Erststimmen,Bündnis C,,
08128128,Werbach,Zweitstimmen,Bündnis C,0,0.0
08128139,"Lauda-Königshofen, Stadt",Erststimmen,Bündnis C,,
08128139,"Lauda-Königshofen, Stadt",Zweitstimmen,Bündnis C,0,0.0
08135010,Dischingen,Erststimmen,Bündnis C,,
08135010,Dischingen,Zweitstimmen,Bündnis C,0,0.0
08135016,"Giengen an der Brenz, Stadt",Erststimmen,Bündnis C,,
08135016,"Giengen an der Brenz, Stadt",Zweitstimmen,Bündnis C,0,0.0
08135020,"Herbrechtingen, Stadt",Erststimmen,Bündnis C,,
08135020,"Herbrechtingen, Stadt",Zweitstimmen,Bündnis C,0,0.0
08235006,"Altensteig, Stadt",Erststimmen,Bündnis C,15,5.7
08235006,"Altensteig, Stadt",Zweitstimmen,Bündnis C,21,8.1
08235020,Ebhausen,Erststimmen,Bündnis C,8,7.0
08235020,Ebhausen,Zweitstimmen,Bündnis C,8,7.0
08235050,Neuweiler,Erststimmen,Bündnis C,5,3.1
08235050,Neuweiler,Zweitstimmen,Bündnis C,5,3.0
08237073,Seewald,Erststimmen,Bündnis C,0,0.0
08237073,Seewald,Zweitstimmen,Bündnis C,0,0.0
08326005,"Blumberg, Stadt",Erststimmen,Bündnis C,,
08326005,"Blumberg, Stadt",Zweitstimmen,Bündnis C,0,0.0
08326052,"St. Georgen im Schwarzwald, Stadt",Erststimmen,Bündnis C,,
08326052,"St. Georgen im Schwarzwald, Stadt",Zweitstimmen,Bündnis C,0,0.0
08336087,"Todtnau, Stadt",Erststimmen,Bündnis C,,
08336087,"Todtnau, Stadt",Zweitstimmen,Bündnis C,0,0.0
08336089,Tunau,Erststimmen,Bündnis C,,
08336089,Tunau,Zweitstimmen,Bündnis C,0,0.0
08336091,"Weil am Rhein, Stadt",Erststimmen,Bündnis C,,
08336091,"Weil am Rhein, Stadt",Zweitstimmen,Bündnis C,0,0.0
08337062,Klettgau,Erststimmen,Bündnis C,,
08337062,Klettgau,Zweitstimmen,Bündnis C,0,0.0
08337125,Küssaberg,Erststimmen,Bündnis C,,
08337125,Küssaberg,Zweitstimmen,Bündnis C,0,0.0
08425020,"Blaubeuren, Stadt",Erststimmen,Bündnis C,,
08425020,"Blaubeuren, Stadt",Zweitstimmen,Bündnis C,0,0.0
08425033,"Ehingen (Donau), Stadt",Erststimmen,Bündnis C,,
08425033,"Ehingen (Donau), Stadt",Zweitstimmen,Bündnis C,0,0.0
08425075,Lonsee,Erststimmen,Bündnis C,,
08425075,Lonsee,Zweitstimmen,Bündnis C,1,1.4
08426097,"Riedlingen, Stadt",Erststimmen,Bündnis C,,
08426097,"Riedlingen, Stadt",Zweitstimmen,Bündnis C,0,0.0
08426121,Unlingen,Erststimmen,Bündnis C,,
08426121,Unlingen,Zweitstimmen,Bündnis C,0,0.0
08426124,Uttenweiler,Erststimmen,Bündnis C,,
08426124,Uttenweiler,Zweitstimmen,Bündnis C,0,0.0
08437031,"Gammertingen, Stadt",Erststimmen,Bündnis C,,
08437031,"Gammertingen, Stadt",Zweitstimmen,Bündnis C,0,0.0
08437078,"Meßkirch, Stadt",Erststimmen,Bündnis C,,
08437078,"Meßkirch, Stadt",Zweitstimmen,Bündnis C,0,0.0
08437088,"Pfullendorf, Stadt",Erststimmen,Bündnis C,,
08437088,"Pfullendorf, Stadt",Zweitstimmen,Bündnis C,0,0.0
08437100,"Bad Saulgau, Stadt",Erststimmen,Bündnis C,,
08437100,"Bad Saulgau, Stadt",Zweitstimmen,Bündnis C,2,0.9
08126039,"Ingelfingen, Stadt",Erststimmen,CDU,49,32.0
08126039,"Ingelfingen, Stadt",Zweitstimmen,CDU,47,30.7
08126046,"Künzelsau, Stadt",Erststimmen,CDU,60,50.4
08126046,"Künzelsau, Stadt",Zweitstimmen,CDU,56,47.1
08126056,Mulfingen,Erststimmen,CDU,57,39.0
08126056,Mulfingen,Zweitstimmen,CDU,47,32.6
08126072,Schöntal,Erststimmen,CDU,74,41.6
08126072,Schöntal,Zweitstimmen,CDU,71,39.7
08126085,"Waldenburg, Stadt",Erststimmen,CDU,64,36.8
08126085,"Waldenburg, Stadt",Zweitstimmen,CDU,53,30.6
08127032,"Gerabronn, Stadt",Erststimmen,CDU,130,42.2
08127032,"Gerabronn, Stadt",Zweitstimmen,CDU,112,36.5
08127047,"Langenburg, Stadt",Erststimmen,CDU,15,22.7
08127047,"Langenburg, Stadt",Zweitstimmen,CDU,18,27.3
08127073,Satteldorf,Erststimmen,CDU,71,42.5
08127073,Satteldorf,Zweitstimmen,CDU,63,37.5
08128020,"Creglingen, Stadt",Erststimmen,CDU,81,38.9
08128020,"Creglingen, Stadt",Zweitstimmen,CDU,69,33.0
08128039,"Freudenberg, Stadt",Erststimmen,CDU,113,51.8
08128039,"Freudenberg, Stadt",Zweitstimmen,CDU,98,45.2
08128047,"Grünsfeld, Stadt",Erststimmen,CDU,95,44.8
08128047,"Grünsfeld, Stadt",Zweitstimmen,CDU,79,37.3
08128058,Igersheim,Erststimmen,CDU,48,39.7
08128058,Igersheim,Zweitstimmen,CDU,43,35.5
08128061,Königheim,Erststimmen,CDU,74,50.3
08128061,Königheim,Zweitstimmen,CDU,57,39.0
08128064,"Külsheim, Stadt",Erststimmen,CDU,28,50.9
08128064,"Külsheim, Stadt",Zweitstimmen,CDU,25,47.2
08128126,"Weikersheim, Stadt",Erststimmen,CDU,18,29.0
08128126,"Weikersheim, Stadt",Zweitstimmen,CDU,21,33.9
08128128,Werbach,Erststimmen,CDU,88,47.1
08128128,Werbach,Zweitstimmen,CDU,79,41.8
08128139,"Lauda-Königshofen, Stadt",Erststimmen,CDU,22,53.7
08128139,"Lauda-Königshofen, Stadt",Zweitstimmen,CDU,20,48.8
08135010,Dischingen,Erststimmen,CDU,97,39.3
08135010,Dischingen,Zweitstimmen,CDU,92,36.9
08135016,"Giengen an der Brenz, Stadt",Erststimmen,CDU,39,34.8
08135016,"Giengen an der Brenz, Stadt",Zweitstimmen,CDU,41,36.3
08135020,"Herbrechtingen, Stadt",Erststimmen,CDU,28,42.4
08135020,"Herbrechtingen, Stadt",Zweitstimmen,CDU,30,45.5
08235006,"Altensteig, Stadt",Erststimmen,CDU,110,42.1
08235006,"Altensteig, Stadt",Zweitstimmen,CDU,93,35.9
08235020,Ebhausen,Erststimmen,CDU,60,52.6
08235020,Ebhausen,Zweitstimmen,CDU,56,49.1
08235050,Neuweiler,Erststimmen,CDU,64,39.3
08235050,Neuweiler,Zweitstimmen,CDU,53,32.3
08237073,Seewald,Erststimmen,CDU,36,47.4
08237073,Seewald,Zweitstimmen,CDU,32,42.1
08326005,"Blumberg, Stadt",Erststimmen,CDU,38,52.1
08326005,"Blumberg, Stadt",Zweitstimmen,CDU,28,38.4
08326052,"St. Georgen im Schwarzwald, Stadt",Erststimmen,CDU,20,23.5
08326052,"St. Georgen im Schwarzwald, Stadt",Zweitstimmen,CDU,30,34.5
08336087,"Todtnau, Stadt",Erststimmen,CDU,28,50.0
08336087,"Todtnau, Stadt",Zweitstimmen,CDU,20,36.4
08336089,Tunau,Erststimmen,CDU,43,49.4
08336089,Tunau,Zweitstimmen,CDU,40,46.0
08336091,"Weil am Rhein, Stadt",Erststimmen,CDU,68,21.9
08336091,"Weil am Rhein, Stadt",Zweitstimmen,CDU,64,20.4
08337062,Klettgau,Erststimmen,CDU,55,27.0
08337062,Klettgau,Zweitstimmen,CDU,51,25.0
08337125,Küssaberg,Erststimmen,CDU,16,29.1
08337125,Küssaberg,Zweitstimmen,CDU,12,23.1
08425020,"Blaubeuren, Stadt",Erststimmen,CDU,53,54.6
08425020,"Blaubeuren, Stadt",Zweitstimmen,CDU,42,43.8
08425033,"Ehingen (Donau), Stadt",Erststimmen,CDU,146,61.6
08425033,"Ehingen (Donau), Stadt",Zweitstimmen,CDU,132,56.2
08425075,Lonsee,Erststimmen,CDU,33,45.8
08425075,Lonsee,Zweitstimmen,CDU,25,34.2
08426097,"Riedlingen, Stadt",Erststimmen,CDU,107,75.9
08426097,"Riedlingen, Stadt",Zweitstimmen,CDU,93,66.0
08426121,Unlingen,Erststimmen,CDU,35,50.0
08426121,Unlingen,Zweitstimmen,CDU,32,45.7
08426124,Uttenweiler,Erststimmen,CDU,62,49.6
08426124,Uttenweiler,Zweitstimmen,CDU,51,40.5
08437031,"Gammertingen, Stadt",Erststimmen,CDU,60,43.8
08437031,"Gammertingen, Stadt",Zweitstimmen,CDU,60,43.8
08437078,"Meßkirch, Stadt",Erststimmen,CDU,87,66.4
08437078,"Meßkirch, Stadt",Zweitstimmen,CDU,67,51.9
08437088,"Pfullendorf, Stadt",Erststimmen,CDU,63,69.2
08437088,"Pfullendorf, Stadt",Zweitstimmen,CDU,62,69.7
08437100,"Bad Saulgau, Stadt",Erststimmen,CDU,141,60.8
08437100,"Bad Saulgau, Stadt",Zweitstimmen,CDU,120,51.7
08126039,"Ingelfingen, Stadt",Erststimmen,Die Gerechtigkeitspartei,,
08126039,"Ingelfingen, Stadt",Zweitstimmen,Die Gerechtigkeitspartei,0,0.0
08126046,"Künzelsau, Stadt",Erststimmen,Die Gerechtigkeitspartei,,
08126046,"Künzelsau, Stadt",Zweitstimmen,Die Gerechtigkeitspartei,0,0.0
08126056,Mulfingen,Erststimmen,Die Gerechtigkeitspartei,,
08126056,Mulfingen,Zweitstimmen,Die Gerechtigkeitspartei,0,0.0
08126072,Schöntal,Erststimmen,Die Gerechtigkeitspartei,,
08126072,Schöntal,Zweitstimmen,Die Gerechtigkeitspartei,0,0.0
08126085,"Waldenburg, Stadt",Erststimmen,Die Gerechtigkeitspartei,,
08126085,"Waldenburg, Stadt",Zweitstimmen,Die Gerechtigkeitspartei,0,0.0
08127032,"Gerabronn, Stadt",Erststimmen,Die Gerechtigkeitspartei,,
08127032,"Gerabronn, Stadt",Zweitstimmen,Die Gerechtigkeitspartei,0,0.0
08127047,"Langenburg, Stadt",Erststimmen,Die Gerechtigkeitspartei,,
08127047,"Langenburg, Stadt",Zweitstimmen,Die Gerechtigkeitspartei,0,0.0
08127073,Satteldorf,Erststimmen,Die Gerechtigkeitspartei,,
08127073,Satteldorf,Zweitstimmen,Die Gerechtigkeitspartei,0,0.0
08128020,"Creglingen, Stadt",Erststimmen,Die Gerechtigkeitspartei,,
08128020,"Creglingen, Stadt",Zweitstimmen,Die Gerechtigkeitspartei,0,0.0
08128039,"Freudenberg, Stadt",Erststimmen,Die Gerechtigkeitspartei,,
08128039,"Freudenberg, Stadt",Zweitstimmen,Die Gerechtigkeitspartei,0,0.0
08128047,"Grünsfeld, Stadt",Erststimmen,Die Gerechtigkeitspartei,,
08128047,"Grünsfeld, Stadt",Zweitstimmen,Die Gerechtigkeitspartei,1,0.5
08128058,Igersheim,Erststimmen,Die Gerechtigkeitspartei,,
08128058,Igersheim,Zweitstimmen,Die Gerechtigkeitspartei,0,0.0
08128061,Königheim,Erststimmen,Die Gerechtigkeitspartei,,
08128061,Königheim,Zweitstimmen,Die Gerechtigkeitspartei,0,0.0
08128064,"Külsheim, Stadt",Erststimmen,Die Gerechtigkeitspartei,,
08128064,"Külsheim, Stadt",Zweitstimmen,Die Gerechtigkeitspartei,0,0.0
08128126,"Weikersheim, Stadt",Erststimmen,Die Gerechtigkeitspartei,,
08128126,"Weikersheim, Stadt",Zweitstimmen,Die Gerechtigkeitspartei,0,0.0
08128128,Werbach,Erststimmen,Die Gerechtigkeitspartei,,
08128128,Werbach,Zweitstimmen,Die Gerechtigkeitspartei,1,0.5
08128139,"Lauda-Königshofen, Stadt",Erststimmen,Die Gerechtigkeitspartei,,
08128139,"Lauda-Königshofen, Stadt",Zweitstimmen,Die Gerechtigkeitspartei,0,0.0
08135010,Dischingen,Erststimmen,Die Gerechtigkeitspartei,,
08135010,Dischingen,Zweitstimmen,Die Gerechtigkeitspartei,0,0.0
08135016,"Giengen an der Brenz, Stadt",Erststimmen,Die Gerechtigkeitspartei,,
08135016,"Giengen an der Brenz, Stadt",Zweitstimmen,Die Gerechtigkeitspartei,0,0.0
08135020,"Herbrechtingen, Stadt",Erststimmen,Die Gerechtigkeitspartei,,
08135020,"Herbrechtingen, Stadt",Zweitstimmen,Die Gerechtigkeitspartei,0,0.0
08235006,"Altensteig, Stadt",Erststimmen,Die Gerechtigkeitspartei,,
08235006,"Altensteig, Stadt",Zweitstimmen,Die Gerechtigkeitspartei,0,0.0
08235020,Ebhausen,Erststimmen,Die Gerechtigkeitspartei,,
08235020,Ebhausen,Zweitstimmen,Die Gerechtigkeitspartei,0,0.0
08235050,Neuweiler,Erststimmen,Die Gerechtigkeitspartei,,
08235050,Neuweiler,Zweitstimmen,Die Gerechtigkeitspartei,0,0.0
08237073,Seewald,Erststimmen,Die Gerechtigkeitspartei,,
08237073,Seewald,Zweitstimmen,Die Gerechtigkeitspartei,0,0.0
08326005,"Blumberg, Stadt",Erststimmen,Die Gerechtigkeitspartei,,
08326005,"Blumberg, Stadt",Zweitstimmen,Die Gerechtigkeitspartei,0,0.0
08326052,"St. Georgen im Schwarzwald, Stadt",Erststimmen,Die Gerechtigkeitspartei,,
08326052,"St. Georgen im Schwarzwald, Stadt",Zweitstimmen,Die Gerechtigkeitspartei,0,0.0
08336087,"Todtnau, Stadt",Erststimmen,Die Gerechtigkeitspartei,0,0.0
08336087,"Todtnau, Stadt",Zweitstimmen,Die Gerechtigkeitspartei,0,0.0
08336089,Tunau,Erststimmen,Die Gerechtigkeitspartei,0,0.0
08336089,Tunau,Zweitstimmen,Die Gerechtigkeitspartei,0,0.0
08336091,"Weil am Rhein, Stadt",Erststimmen,Die Gerechtigkeitspartei,1,0.3
08336091,"Weil am Rhein, Stadt",Zweitstimmen,Die Gerechtigkeitspartei,1,0.3
08337062,Klettgau,Erststimmen,Die Gerechtigkeitspartei,,
08337062,Klettgau,Zweitstimmen,Die Gerechtigkeitspartei,0,0.0
08337125,Küssaberg,Erststimmen,Die Gerechtigkeitspartei,,
08337125,Küssaberg,Zweitstimmen,Die Gerechtigkeitspartei,0,0.0
08425020,"Blaubeuren, Stadt",Erststimmen,Die Gerechtigkeitspartei,,
08425020,"Blaubeuren, Stadt",Zweitstimmen,Die Gerechtigkeitspartei,0,0.0
08425033,"Ehingen (Donau), Stadt",Erststimmen,Die Gerechtigkeitspartei,,
08425033,"Ehingen (Donau), Stadt",Zweitstimmen,Die Gerechtigkeitspartei,0,0.0
08425075,Lonsee,Erststimmen,Die Gerechtigkeitspartei,,
08425075,Lonsee,Zweitstimmen,Die Gerechtigkeitspartei,2,2.7
08426097,"Riedlingen, Stadt",Erststimmen,Die Gerechtigkeitspartei,,
08426097,"Riedlingen, Stadt",Zweitstimmen,Die Gerechtigkeitspartei,0,0.0
08426121,Unlingen,Erststimmen,Die Gerechtigkeitspartei,,
08426121,Unlingen,Zweitstimmen,Die Gerechtigkeitspartei,0,0.0
08426124,Uttenweiler,Erststimmen,Die Gerechtigkeitspartei,,
08426124,Uttenweiler,Zweitstimmen,Die Gerechtigkeitspartei,0,0.0
08437031,"Gammertingen, Stadt",Erststimmen,Die Gerechtigkeitspartei,,
08437031,"Gammertingen, Stadt",Zweitstimmen,Die Gerechtigkeitspartei,1,0.7
08437078,"Meßkirch, Stadt",Erststimmen,Die Gerechtigkeitspartei,,
08437078,"Meßkirch, Stadt",Zweitstimmen,Die Gerechtigkeitspartei,0,0.0
08437088,"Pfullendorf, Stadt",Erststimmen,Die Gerechtigkeitspartei,,
08437088,"Pfullendorf, Stadt",Zweitstimmen,Die Gerechtigkeitspartei,0,0.0
08437100,"Bad Saulgau, Stadt",Erststimmen,Die Gerechtigkeitspartei,,
08437100,"Bad Saulgau, Stadt",Zweitstimmen,Die Gerechtigkeitspartei,0,0.0
08126039,"Ingelfingen, Stadt",Erststimmen,Die Linke,2,1.3
08126039,"Ingelfingen, Stadt",Zweitstimmen,Die Linke,1,0.7
08126046,"Künzelsau, Stadt",Erststimmen,Die Linke,3,2.5
08126046,"Künzelsau, Stadt",Zweitstimmen,Die Linke,3,2.5
08126056,Mulfingen,Erststimmen,Die Linke,1,0.7
08126056,Mulfingen,Zweitstimmen,Die Linke,1,0.7
08126072,Schöntal,Erststimmen,Die Linke,4,2.2
08126072,Schöntal,Zweitstimmen,Die Linke,6,3.4
08126085,"Waldenburg, Stadt",Erststimmen,Die Linke,6,3.4
08126085,"Waldenburg, Stadt",Zweitstimmen,Die Linke,4,2.3
08127032,"Gerabronn, Stadt",Erststimmen,Die Linke,10,3.2
08127032,"Gerabronn, Stadt",Zweitstimmen,Die Linke,2,0.7
08127047,"Langenburg, Stadt",Erststimmen,Die Linke,3,4.5
08127047,"Langenburg, Stadt",Zweitstimmen,Die Linke,2,3.0
08127073,Satteldorf,Erststimmen,Die Linke,2,1.2
08127073,Satteldorf,Zweitstimmen,Die Linke,3,1.8
08128020,"Creglingen, Stadt",Erststimmen,Die Linke,7,3.4
08128020,"Creglingen, Stadt",Zweitstimmen,Die Linke,3,1.4
08128039,"Freudenberg, Stadt",Erststimmen,Die Linke,14,6.4
08128039,"Freudenberg, Stadt",Zweitstimmen,Die Linke,13,6.0
08128047,"Grünsfeld, Stadt",Erststimmen,Die Linke,9,4.2
08128047,"Grünsfeld, Stadt",Zweitstimmen,Die Linke,7,3.3
08128058,Igersheim,Erststimmen,Die Linke,4,3.3
08128058,Igersheim,Zweitstimmen,Die Linke,3,2.5
08128061,Königheim,Erststimmen,Die Linke,10,6.8
08128061,Königheim,Zweitstimmen,Die Linke,7,4.8
08128064,"Külsheim, Stadt",Erststimmen,Die Linke,1,1.8
08128064,"Külsheim, Stadt",Zweitstimmen,Die Linke,1,1.9
08128126,"Weikersheim, Stadt",Erststimmen,Die Linke,0,0.0
08128126,"Weikersheim, Stadt",Zweitstimmen,Die Linke,2,3.2
08128128,Werbach,Erststimmen,Die Linke,9,4.8
08128128,Werbach,Zweitstimmen,Die Linke,5,2.6
08128139,"Lauda-Königshofen, Stadt",Erststimmen,Die Linke,0,0.0
08128139,"Lauda-Königshofen, Stadt",Zweitstimmen,Die Linke,0,0.0
08135010,Dischingen,Erststimmen,Die Linke,6,2.4
08135010,Dischingen,Zweitstimmen,Die Linke,3,1.2
08135016,"Giengen an der Brenz, Stadt",Erststimmen,Die Linke,3,2.7
08135016,"Giengen an der Brenz, Stadt",Zweitstimmen,Die Linke,2,1.8
08135020,"Herbrechtingen, Stadt",Erststimmen,Die Linke,1,1.5
08135020,"Herbrechtingen, Stadt",Zweitstimmen,Die Linke,2,3.0
08235006,"Altensteig, Stadt",Erststimmen,Die Linke,10,3.8
08235006,"Altensteig, Stadt",Zweitstimmen,Die Linke,8,3.1
08235020,Ebhausen,Erststimmen,Die Linke,1,0.9
08235020,Ebhausen,Zweitstimmen,Die Linke,2,1.8
08235050,Neuweiler,Erststimmen,Die Linke,7,4.3
08235050,Neuweiler,Zweitstimmen,Die Linke,3,1.8
08237073,Seewald,Erststimmen,Die Linke,3,3.9
08237073,Seewald,Zweitstimmen,Die Linke,4,5.3
08326005,"Blumberg, Stadt",Erststimmen,Die Linke,3,4.1
08326005,"Blumberg, Stadt",Zweitstimmen,Die Linke,3,4.1
08326052,"St. Georgen im Schwarzwald, Stadt",Erststimmen,Die Linke,5,5.9
08326052,"St. Georgen im Schwarzwald, Stadt",Zweitstimmen,Die Linke,3,3.4
08336087,"Todtnau, Stadt",Erststimmen,Die Linke,1,1.8
08336087,"Todtnau, Stadt",Zweitstimmen,Die Linke,3,5.5
08336089,Tunau,Erststimmen,Die Linke,0,0.0
08336089,Tunau,Zweitstimmen,Die Linke,0,0.0
08336091,"Weil am Rhein, Stadt",Erststimmen,Die Linke,23,7.4
08336091,"Weil am Rhein, Stadt",Zweitstimmen,Die Linke,22,7.0
08337062,Klettgau,Erststimmen,Die Linke,7,3.4
08337062,Klettgau,Zweitstimmen,Die Linke,7,3.4
08337125,Küssaberg,Erststimmen,Die Linke,1,1.8
08337125,Küssaberg,Zweitstimmen,Die Linke,1,1.9
08425020,"Blaubeuren, Stadt",Erststimmen,Die Linke,1,1.0
08425020,"Blaubeuren, Stadt",Zweitstimmen,Die Linke,3,3.1
08425033,"Ehingen (Donau), Stadt",Erststimmen,Die Linke,2,0.8
08425033,"Ehingen (Donau), Stadt",Zweitstimmen,Die Linke,4,1.7
08425075,Lonsee,Erststimmen,Die Linke,2,2.8
08425075,Lonsee,Zweitstimmen,Die Linke,2,2.7
08426097,"Riedlingen, Stadt",Erststimmen,Die Linke,1,0.7
08426097,"Riedlingen, Stadt",Zweitstimmen,Die Linke,2,1.4
08426121,Unlingen,Erststimmen,Die Linke,1,1.4
08426121,Unlingen,Zweitstimmen,Die Linke,1,1.4
08426124,Uttenweiler,Erststimmen,Die Linke,3,2.4
08426124,Uttenweiler,Zweitstimmen,Die Linke,3,2.4
08437031,"Gammertingen, Stadt",Erststimmen,Die Linke,3,2.2
08437031,"Gammertingen, Stadt",Zweitstimmen,Die Linke,5,3.6
08437078,"Meßkirch, Stadt",Erststimmen,Die Linke,5,3.8
08437078,"Meßkirch, Stadt",Zweitstimmen,Die Linke,5,3.9
08437088,"Pfullendorf, Stadt",Erststimmen,Die Linke,0,0.0
08437088,"Pfullendorf, Stadt",Zweitstimmen,Die Linke,0,0.0
08437100,"Bad Saulgau, Stadt",Erststimmen,Die Linke,7,3.0
08437100,"Bad Saulgau, Stadt",Zweitstimmen,Die Linke,5,2.2
08126039,"Ingelfingen, Stadt",Erststimmen,Die PARTEI,,
08126039,"Ingelfingen, Stadt",Zweitstimmen,Die PARTEI,0,0.0
08126046,"Künzelsau, Stadt",Erststimmen,Die PARTEI,,
08126046,"Künzelsau, Stadt",Zweitstimmen,Die PARTEI,0,0.0
08126056,Mulfingen,Erststimmen,Die PARTEI,,
08126056,Mulfingen,Zweitstimmen,Die PARTEI,0,0.0
08126072,Schöntal,Erststimmen,Die PARTEI,,
08126072,Schöntal,Zweitstimmen,Die PARTEI,0,0.0
08126085,"Waldenburg, Stadt",Erststimmen,Die PARTEI,,
08126085,"Waldenburg, Stadt",Zweitstimmen,Die PARTEI,0,0.0
08127032,"Gerabronn, Stadt",Erststimmen,Die PARTEI,,
08127032,"Gerabronn, Stadt",Zweitstimmen,Die PARTEI,0,0.0
08127047,"Langenburg, Stadt",Erststimmen,Die PARTEI,,
08127047,"Langenburg, Stadt",Zweitstimmen,Die PARTEI,0,0.0
08127073,Satteldorf,Erststimmen,Die PARTEI,,
08127073,Satteldorf,Zweitstimmen,Die PARTEI,0,0.0
08128020,"Creglingen, Stadt",Erststimmen,Die PARTEI,,
08128020,"Creglingen, Stadt",Zweitstimmen,Die PARTEI,0,0.0
08128039,"Freudenberg, Stadt",Erststimmen,Die PARTEI,,
08128039,"Freudenberg, Stadt",Zweitstimmen,Die PARTEI,0,0.0
08128047,"Grünsfeld, Stadt",Erststimmen,Die PARTEI,,
08128047,"Grünsfeld, Stadt",Zweitstimmen,Die PARTEI,0,0.0
08128058,Igersheim,Erststimmen,Die PARTEI,,
08128058,Igersheim,Zweitstimmen,Die PARTEI,0,0.0
08128061,Königheim,Erststimmen,Die PARTEI,,
08128061,Königheim,Zweitstimmen,Die PARTEI,1,0.7
08128064,"Külsheim, Stadt",Erststimmen,Die PARTEI,,
08128064,"Külsheim, Stadt",Zweitstimmen,Die PARTEI,0,0.0
08128126,"Weikersheim, Stadt",Erststimmen,Die PARTEI,,
08128126,"Weikersheim, Stadt",Zweitstimmen,Die PARTEI,0,0.0
08128128,Werbach,Erststimmen,Die PARTEI,,
08128128,Werbach,Zweitstimmen,Die PARTEI,1,0.5
08128139,"Lauda-Königshofen, Stadt",Erststimmen,Die PARTEI,,
08128139,"Lauda-Königshofen, Stadt",Zweitstimmen,Die PARTEI,0,0.0
08135010,Dischingen,Erststimmen,Die PARTEI,,
08135010,Dischingen,Zweitstimmen,Die PARTEI,0,0.0
08135016,"Giengen an der Brenz, Stadt",Erststimmen,Die PARTEI,,
08135016,"Giengen an der Brenz, Stadt",Zweitstimmen,Die PARTEI,0,0.0
08135020,"Herbrechtingen, Stadt",Erststimmen,Die PARTEI,,
08135020,"Herbrechtingen, Stadt",Zweitstimmen,Die PARTEI,0,0.0
08235006,"Altensteig, Stadt",Erststimmen,Die PARTEI,,
08235006,"Altensteig, Stadt",Zweitstimmen,Die PARTEI,0,0.0
08235020,Ebhausen,Erststimmen,Die PARTEI,,
08235020,Ebhausen,Zweitstimmen,Die PARTEI,0,0.0
08235050,Neuweiler,Erststimmen,Die PARTEI,,
08235050,Neuweiler,Zweitstimmen,Die PARTEI,0,0.0
08237073,Seewald,Erststimmen,Die PARTEI,,
08237073,Seewald,Zweitstimmen,Die PARTEI,0,0.0
08326005,"Blumberg, Stadt",Erststimmen,Die PARTEI,,
08326005,"Blumberg, Stadt",Zweitstimmen,Die PARTEI,0,0.0
08326052,"St. Georgen im Schwarzwald, Stadt",Erststimmen,Die PARTEI,,
08326052,"St. Georgen im Schwarzwald, Stadt",Zweitstimmen,Die PARTEI,0,0.0
08336087,"Todtnau, Stadt",Erststimmen,Die PARTEI,,
08336087,"Todtnau, Stadt",Zweitstimmen,Die PARTEI,0,0.0
08336089,Tunau,Erststimmen,Die PARTEI,,
08336089,Tunau,Zweitstimmen,Die PARTEI,0,0.0
08336091,"Weil am Rhein, Stadt",Erststimmen,Die PARTEI,,
08336091,"Weil am Rhein, Stadt",Zweitstimmen,Die PARTEI,2,0.6
08337062,Klettgau,Erststimmen,Die PARTEI,,
08337062,Klettgau,Zweitstimmen,Die PARTEI,0,0.0
08337125,Küssaberg,Erststimmen,Die PARTEI,,
08337125,Küssaberg,Zweitstimmen,Die PARTEI,0,0.0
08425020,"Blaubeuren, Stadt",Erststimmen,Die PARTEI,,
08425020,"Blaubeuren, Stadt",Zweitstimmen,Die PARTEI,0,0.0
08425033,"Ehingen (Donau), Stadt",Erststimmen,Die PARTEI,,
08425033,"Ehingen (Donau), Stadt",Zweitstimmen,Die PARTEI,0,0.0
08425075,Lonsee,Erststimmen,Die PARTEI,,
08425075,Lonsee,Zweitstimmen,Die PARTEI,0,0.0
08426097,"Riedlingen, Stadt",Erststimmen,Die PARTEI,,
08426097,"Riedlingen, Stadt",Zweitstimmen,Die PARTEI,0,0.0
08426121,Unlingen,Erststimmen,Die PARTEI,,
08426121,Unlingen,Zweitstimmen,Die PARTEI,0,0.0
08426124,Uttenweiler,Erststimmen,Die PARTEI,,
08426124,Uttenweiler,Zweitstimmen,Die PARTEI,0,0.0
08437031,"Gammertingen, Stadt",Erststimmen,Die PARTEI,,
08437031,"Gammertingen, Stadt",Zweitstimmen,Die PARTEI,0,0.0
08437078,"Meßkirch, Stadt",Erststimmen,Die PARTEI,,
08437078,"Meßkirch, Stadt",Zweitstimmen,Die PARTEI,0,0.0
08437088,"Pfullendorf, Stadt",Erststimmen,Die PARTEI,,
08437088,"Pfullendorf, Stadt",Zweitstimmen,Die PARTEI,0,0.0
08437100,"Bad Saulgau, Stadt",Erststimmen,Die PARTEI,,
08437100,"Bad Saulgau, Stadt",Zweitstimmen,Die PARTEI,1,0.4
08126039,"Ingelfingen, Stadt",Erststimmen,FDP,9,5.9
08126039,"Ingelfingen, Stadt",Zweitstimmen,FDP,8,5.2
08126046,"Künzelsau, Stadt",Erststimmen,FDP,0,0.0
08126046,"Künzelsau, Stadt",Zweitstimmen,FDP,3,2.5
08126056,Mulfingen,Erststimmen,FDP,5,3.4
08126056,Mulfingen,Zweitstimmen,FDP,9,6.2
08126072,Schöntal,Erststimmen,FDP,11,6.2
08126072,Schöntal,Zweitstimmen,FDP,10,5.6
08126085,"Waldenburg, Stadt",Erststimmen,FDP,8,4.6
08126085,"Waldenburg, Stadt",Zweitstimmen,FDP,6,3.5
08127032,"Gerabronn, Stadt",Erststimmen,FDP,13,4.2
08127032,"Gerabronn, Stadt",Zweitstimmen,FDP,18,5.9
08127047,"Langenburg, Stadt",Erststimmen,FDP,1,1.5
08127047,"Langenburg, Stadt",Zweitstimmen,FDP,1,1.5
08127073,Satteldorf,Erststimmen,FDP,4,2.4
08127073,Satteldorf,Zweitstimmen,FDP,8,4.8
08128020,"Creglingen, Stadt",Erststimmen,FDP,11,5.3
08128020,"Creglingen, Stadt",Zweitstimmen,FDP,11,5.3
08128039,"Freudenberg, Stadt",Erststimmen,FDP,2,0.9
08128039,"Freudenberg, Stadt",Zweitstimmen,FDP,2,0.9
08128047,"Grünsfeld, Stadt",Erststimmen,FDP,6,2.8
08128047,"Grünsfeld, Stadt",Zweitstimmen,FDP,3,1.4
08128058,Igersheim,Erststimmen,FDP,5,4.1
08128058,Igersheim,Zweitstimmen,FDP,4,3.3
08128061,Königheim,Erststimmen,FDP,3,2.0
08128061,Königheim,Zweitstimmen,FDP,8,5.5
08128064,"Külsheim, Stadt",Erststimmen,FDP,6,10.9
08128064,"Külsheim, Stadt",Zweitstimmen,FDP,4,7.5
08128126,"Weikersheim, Stadt",Erststimmen,FDP,1,1.6
08128126,"Weikersheim, Stadt",Zweitstimmen,FDP,1,1.6
08128128,Werbach,Erststimmen,FDP,5,2.7
08128128,Werbach,Zweitstimmen,FDP,2,1.1
08128139,"Lauda-Königshofen, Stadt",Erststimmen,FDP,0,0.0
08128139,"Lauda-Königshofen, Stadt",Zweitstimmen,FDP,0,0.0
08135010,Dischingen,Erststimmen,FDP,7,2.8
08135010,Dischingen,Zweitstimmen,FDP,7,2.8
08135016,"Giengen an der Brenz, Stadt",Erststimmen,FDP,4,3.6
08135016,"Giengen an der Brenz, Stadt",Zweitstimmen,FDP,4,3.5
08135020,"Herbrechtingen, Stadt",Erststimmen,FDP,0,0.0
08135020,"Herbrechtingen, Stadt",Zweitstimmen,FDP,1,1.5
08235006,"Altensteig, Stadt",Erststimmen,FDP,17,6.5
08235006,"Altensteig, Stadt",Zweitstimmen,FDP,13,5.0
08235020,Ebhausen,Erststimmen,FDP,4,3.5
08235020,Ebhausen,Zweitstimmen,FDP,1,0.9
08235050,Neuweiler,Erststimmen,FDP,2,1.2
08235050,Neuweiler,Zweitstimmen,FDP,4,2.4
08237073,Seewald,Erststimmen,FDP,10,13.2
08237073,Seewald,Zweitstimmen,FDP,7,9.2
08326005,"Blumberg, Stadt",Erststimmen,FDP,11,15.1
08326005,"Blumberg, Stadt",Zweitstimmen,FDP,14,19.2
08326052,"St. Georgen im Schwarzwald, Stadt",Erststimmen,FDP,6,7.1
08326052,"St. Georgen im Schwarzwald, Stadt",Zweitstimmen,FDP,8,9.2
08336087,"Todtnau, Stadt",Erststimmen,FDP,6,10.7
08336087,"Todtnau, Stadt",Zweitstimmen,FDP,6,10.9
08336089,Tunau,Erststimmen,FDP,4,4.6
08336089,Tunau,Zweitstimmen,FDP,8,9.2
08336091,"Weil am Rhein, Stadt",Erststimmen,FDP,5,1.6
08336091,"Weil am Rhein, Stadt",Zweitstimmen,FDP,6,1.9
08337062,Klettgau,Erststimmen,FDP,10,4.9
08337062,Klettgau,Zweitstimmen,FDP,10,4.9
08337125,Küssaberg,Erststimmen,FDP,0,0.0
08337125,Küssaberg,Zweitstimmen,FDP,0,0.0
08425020,"Blaubeuren, Stadt",Erststimmen,FDP,1,1.0
08425020,"Blaubeuren, Stadt",Zweitstimmen,FDP,3,3.1
08425033,"Ehingen (Donau), Stadt",Erststimmen,FDP,3,1.3
08425033,"Ehingen (Donau), Stadt",Zweitstimmen,FDP,4,1.7
08425075,Lonsee,Erststimmen,FDP,4,5.6
08425075,Lonsee,Zweitstimmen,FDP,5,6.8
08426097,"Riedlingen, Stadt",Erststimmen,FDP,2,1.4
08426097,"Riedlingen, Stadt",Zweitstimmen,FDP,2,1.4
08426121,Unlingen,Erststimmen,FDP,1,1.4
08426121,Unlingen,Zweitstimmen,FDP,2,2.9
08426124,Uttenweiler,Erststimmen,FDP,0,0.0
08426124,Uttenweiler,Zweitstimmen,FDP,1,0.8
08437031,"Gammertingen, Stadt",Erststimmen,FDP,4,2.9
08437031,"Gammertingen, Stadt",Zweitstimmen,FDP,6,4.4
08437078,"Meßkirch, Stadt",Erststimmen,FDP,0,0.0
08437078,"Meßkirch, Stadt",Zweitstimmen,FDP,2,1.6
08437088,"Pfullendorf, Stadt",Erststimmen,FDP,4,4.4
08437088,"Pfullendorf, Stadt",Zweitstimmen,FDP,3,3.4
08437100,"Bad Saulgau, Stadt",Erststimmen,FDP,3,1.3
08437100,"Bad Saulgau, Stadt",Zweitstimmen,FDP,6,2.6
08126039,"Ingelfingen, Stadt",Erststimmen,FREIE WÄHLER,14,9.2
08126039,"Ingelfingen, Stadt",Zweitstimmen,FREIE WÄHLER,7,4.6
08126046,"Künzelsau, Stadt",Erststimmen,FREIE WÄHLER,7,5.9
08126046,"Künzelsau, Stadt",Zweitstimmen,FREIE WÄHLER,6,5.0
08126056,Mulfingen,Erststimmen,FREIE WÄHLER,6,4.1
08126056,Mulfingen,Zweitstimmen,FREIE WÄHLER,5,3.5
08126072,Schöntal,Erststimmen,FREIE WÄHLER,6,3.4
08126072,Schöntal,Zweitstimmen,FREIE WÄHLER,1,0.6
08126085,"Waldenburg, Stadt",Erststimmen,FREIE WÄHLER,4,2.3
08126085,"Waldenburg, Stadt",Zweitstimmen,FREIE WÄHLER,2,1.2
08127032,"Gerabronn, Stadt",Erststimmen,FREIE WÄHLER,17,5.5
08127032,"Gerabronn, Stadt",Zweitstimmen,FREIE WÄHLER,14,4.6
08127047,"Langenburg, Stadt",Erststimmen,FREIE WÄHLER,7,10.6
08127047,"Langenburg, Stadt",Zweitstimmen,FREIE WÄHLER,0,0.0
08127073,Satteldorf,Erststimmen,FREIE WÄHLER,8,4.8
08127073,Satteldorf,Zweitstimmen,FREIE WÄHLER,2,1.2
08128020,"Creglingen, Stadt",Erststimmen,FREIE WÄHLER,,
08128020,"Creglingen, Stadt",Zweitstimmen,FREIE WÄHLER,9,4.3
08128039,"Freudenberg, Stadt",Erststimmen,FREIE WÄHLER,,
08128039,"Freudenberg, Stadt",Zweitstimmen,FREIE WÄHLER,4,1.8
08128047,"Grünsfeld, Stadt",Erststimmen,FREIE WÄHLER,,
08128047,"Grünsfeld, Stadt",Zweitstimmen,FREIE WÄHLER,5,2.4
08128058,Igersheim,Erststimmen,FREIE WÄHLER,,
08128058,Igersheim,Zweitstimmen,FREIE WÄHLER,4,3.3
08128061,Königheim,Erststimmen,FREIE WÄHLER,,
08128061,Königheim,Zweitstimmen,FREIE WÄHLER,1,0.7
08128064,"Külsheim, Stadt",Erststimmen,FREIE WÄHLER,,
08128064,"Külsheim, Stadt",Zweitstimmen,FREIE WÄHLER,3,5.7
08128126,"Weikersheim, Stadt",Erststimmen,FREIE WÄHLER,,
08128126,"Weikersheim, Stadt",Zweitstimmen,FREIE WÄHLER,2,3.2
08128128,Werbach,Erststimmen,FREIE WÄHLER,,
08128128,Werbach,Zweitstimmen,FREIE WÄHLER,5,2.6
08128139,"Lauda-Königshofen, Stadt",Erststimmen,FREIE WÄHLER,,
08128139,"Lauda-Königshofen, Stadt",Zweitstimmen,FREIE WÄHLER,0,0.0
08135010,Dischingen,Erststimmen,FREIE WÄHLER,,
08135010,Dischingen,Zweitstimmen,FREIE WÄHLER,6,2.4
08135016,"Giengen an der Brenz, Stadt",Erststimmen,FREIE WÄHLER,,
08135016,"Giengen an der Brenz, Stadt",Zweitstimmen,FREIE WÄHLER,5,4.4
08135020,"Herbrechtingen, Stadt",Erststimmen,FREIE WÄHLER,,
08135020,"Herbrechtingen, Stadt",Zweitstimmen,FREIE WÄHLER,2,3.0
08235006,"Altensteig, Stadt",Erststimmen,FREIE WÄHLER,,
08235006,"Altensteig, Stadt",Zweitstimmen,FREIE WÄHLER,6,2.3
08235020,Ebhausen,Erststimmen,FREIE WÄHLER,,
08235020,Ebhausen,Zweitstimmen,FREIE WÄHLER,0,0.0
08235050,Neuweiler,Erststimmen,FREIE WÄHLER,,
08235050,Neuweiler,Zweitstimmen,FREIE WÄHLER,3,1.8
08237073,Seewald,Erststimmen,FREIE WÄHLER,,
08237073,Seewald,Zweitstimmen,FREIE WÄHLER,2,2.6
08326005,"Blumberg, Stadt",Erststimmen,FREIE WÄHLER,,
08326005,"Blumberg, Stadt",Zweitstimmen,FREIE WÄHLER,0,0.0
08326052,"St. Georgen im Schwarzwald, Stadt",Erststimmen,FREIE WÄHLER,,
08326052,"St. Georgen im Schwarzwald, Stadt",Zweitstimmen,FREIE WÄHLER,3,3.4
08336087,"Todtnau, Stadt",Erststimmen,FREIE WÄHLER,0,0.0
08336087,"Todtnau, Stadt",Zweitstimmen,FREIE WÄHLER,2,3.6
08336089,Tunau,Erststimmen,FREIE WÄHLER,1,1.1
08336089,Tunau,Zweitstimmen,FREIE WÄHLER,3,3.4
08336091,"Weil am Rhein, Stadt",Erststimmen,FREIE WÄHLER,13,4.2
08336091,"Weil am Rhein, Stadt",Zweitstimmen,FREIE WÄHLER,8,2.6
08337062,Klettgau,Erststimmen,FREIE WÄHLER,19,9.3
08337062,Klettgau,Zweitstimmen,FREIE WÄHLER,4,2.0
08337125,Küssaberg,Erststimmen,FREIE WÄHLER,2,3.6
08337125,Küssaberg,Zweitstimmen,FREIE WÄHLER,0,0.0
08425020,"Blaubeuren, Stadt",Erststimmen,FREIE WÄHLER,1,1.0
08425020,"Blaubeuren, Stadt",Zweitstimmen,FREIE WÄHLER,1,1.0
08425033,"Ehingen (Donau), Stadt",Erststimmen,FREIE WÄHLER,2,0.8
08425033,"Ehingen (Donau), Stadt",Zweitstimmen,FREIE WÄHLER,1,0.4
08425075,Lonsee,Erststimmen,FREIE WÄHLER,1,1.4
08425075,Lonsee,Zweitstimmen,FREIE WÄHLER,2,2.7
08426097,"Riedlingen, Stadt",Erststimmen,FREIE WÄHLER,0,0.0
08426097,"Riedlingen, Stadt",Zweitstimmen,FREIE WÄHLER,1,0.7
08426121,Unlingen,Erststimmen,FREIE WÄHLER,3,4.3
08426121,Unlingen,Zweitstimmen,FREIE WÄHLER,2,2.9
08426124,Uttenweiler,Erststimmen,FREIE WÄHLER,3,2.4
08426124,Uttenweiler,Zweitstimmen,FREIE WÄHLER,0,0.0
08437031,"Gammertingen, Stadt",Erststimmen,FREIE WÄHLER,,
08437031,"Gammertingen, Stadt",Zweitstimmen,FREIE WÄHLER,0,0.0
08437078,"Meßkirch, Stadt",Erststimmen,FREIE WÄHLER,,
08437078,"Meßkirch, Stadt",Zweitstimmen,FREIE WÄHLER,2,1.6
08437088,"Pfullendorf, Stadt",Erststimmen,FREIE WÄHLER,,
08437088,"Pfullendorf, Stadt",Zweitstimmen,FREIE WÄHLER,0,0.0
08437100,"Bad Saulgau, Stadt",Erststimmen,FREIE WÄHLER,,
08437100,"Bad Saulgau, Stadt",Zweitstimmen,FREIE WÄHLER,3,1.3
08126039,"Ingelfingen, Stadt",Erststimmen,GRÜNE,31,20.3
08126039,"Ingelfingen, Stadt",Zweitstimmen,GRÜNE,29,19.0
08126046,"Künzelsau, Stadt",Erststimmen,GRÜNE,11,9.2
08126046,"Künzelsau, Stadt",Zweitstimmen,GRÜNE,17,14.3
08126056,Mulfingen,Erststimmen,GRÜNE,28,19.2
08126056,Mulfingen,Zweitstimmen,GRÜNE,29,20.1
08126072,Schöntal,Erststimmen,GRÜNE,31,17.4
08126072,Schöntal,Zweitstimmen,GRÜNE,45,25.1
08126085,"Waldenburg, Stadt",Erststimmen,GRÜNE,42,24.1
08126085,"Waldenburg, Stadt",Zweitstimmen,GRÜNE,55,31.8
08127032,"Gerabronn, Stadt",Erststimmen,GRÜNE,46,14.9
08127032,"Gerabronn, Stadt",Zweitstimmen,GRÜNE,62,20.2
08127047,"Langenburg, Stadt",Erststimmen,GRÜNE,19,28.8
08127047,"Langenburg, Stadt",Zweitstimmen,GRÜNE,20,30.3
08127073,Satteldorf,Erststimmen,GRÜNE,34,20.4
08127073,Satteldorf,Zweitstimmen,GRÜNE,38,22.6
08128020,"Creglingen, Stadt",Erststimmen,GRÜNE,26,12.5
08128020,"Creglingen, Stadt",Zweitstimmen,GRÜNE,27,12.9
08128039,"Freudenberg, Stadt",Erststimmen,GRÜNE,38,17.4
08128039,"Freudenberg, Stadt",Zweitstimmen,GRÜNE,49,22.6
08128047,"Grünsfeld, Stadt",Erststimmen,GRÜNE,52,24.5
08128047,"Grünsfeld, Stadt",Zweitstimmen,GRÜNE,66,31.1
08128058,Igersheim,Erststimmen,GRÜNE,33,27.3
08128058,Igersheim,Zweitstimmen,GRÜNE,31,25.6
08128061,Königheim,Erststimmen,GRÜNE,30,20.4
08128061,Königheim,Zweitstimmen,GRÜNE,40,27.4
08128064,"Külsheim, Stadt",Erststimmen,GRÜNE,3,5.5
08128064,"Külsheim, Stadt",Zweitstimmen,GRÜNE,4,7.5
08128126,"Weikersheim, Stadt",Erststimmen,GRÜNE,22,35.5
08128126,"Weikersheim, Stadt",Zweitstimmen,GRÜNE,16,25.8
08128128,Werbach,Erststimmen,GRÜNE,23,12.3
08128128,Werbach,Zweitstimmen,GRÜNE,36,19.0
08128139,"Lauda-Königshofen, Stadt",Erststimmen,GRÜNE,7,17.1
08128139,"Lauda-Königshofen, Stadt",Zweitstimmen,GRÜNE,5,12.2
08135010,Dischingen,Erststimmen,GRÜNE,35,14.2
08135010,Dischingen,Zweitstimmen,GRÜNE,50,20.1
08135016,"Giengen an der Brenz, Stadt",Erststimmen,GRÜNE,20,17.9
08135016,"Giengen an der Brenz, Stadt",Zweitstimmen,GRÜNE,31,27.4
08135020,"Herbrechtingen, Stadt",Erststimmen,GRÜNE,6,9.1
08135020,"Herbrechtingen, Stadt",Zweitstimmen,GRÜNE,7,10.6
08235006,"Altensteig, Stadt",Erststimmen,GRÜNE,23,8.8
08235006,"Altensteig, Stadt",Zweitstimmen,GRÜNE,33,12.7
08235020,Ebhausen,Erststimmen,GRÜNE,14,12.3
08235020,Ebhausen,Zweitstimmen,GRÜNE,18,15.8
08235050,Neuweiler,Erststimmen,GRÜNE,14,8.6
08235050,Neuweiler,Zweitstimmen,GRÜNE,22,13.4
08237073,Seewald,Erststimmen,GRÜNE,6,7.9
08237073,Seewald,Zweitstimmen,GRÜNE,11,14.5
08326005,"Blumberg, Stadt",Erststimmen,GRÜNE,5,6.8
08326005,"Blumberg, Stadt",Zweitstimmen,GRÜNE,9,12.3
08326052,"St. Georgen im Schwarzwald, Stadt",Erststimmen,GRÜNE,29,34.1
08326052,"St. Georgen im Schwarzwald, Stadt",Zweitstimmen,GRÜNE,19,21.8
08336087,"Todtnau, Stadt",Erststimmen,GRÜNE,8,14.3
08336087,"Todtnau, Stadt",Zweitstimmen,GRÜNE,13,23.6
08336089,Tunau,Erststimmen,GRÜNE,9,10.3
08336089,Tunau,Zweitstimmen,GRÜNE,12,13.8
08336091,"Weil am Rhein, Stadt",Erststimmen,GRÜNE,98,31.6
08336091,"Weil am Rhein, Stadt",Zweitstimmen,GRÜNE,115,36.7
08337062,Klettgau,Erststimmen,GRÜNE,53,26.0
08337062,Klettgau,Zweitstimmen,GRÜNE,62,30.4
08337125,Küssaberg,Erststimmen,GRÜNE,18,32.7
08337125,Küssaberg,Zweitstimmen,GRÜNE,22,42.3
08425020,"Blaubeuren, Stadt",Erststimmen,GRÜNE,12,12.4
08425020,"Blaubeuren, Stadt",Zweitstimmen,GRÜNE,15,15.6
08425033,"Ehingen (Donau), Stadt",Erststimmen,GRÜNE,38,16.0
08425033,"Ehingen (Donau), Stadt",Zweitstimmen,GRÜNE,41,17.4
08425075,Lonsee,Erststimmen,GRÜNE,9,12.5
08425075,Lonsee,Zweitstimmen,GRÜNE,10,13.7
08426097,"Riedlingen, Stadt",Erststimmen,GRÜNE,6,4.3
08426097,"Riedlingen, Stadt",Zweitstimmen,GRÜNE,12,8.5
08426121,Unlingen,Erststimmen,GRÜNE,4,5.7
08426121,Unlingen,Zweitstimmen,GRÜNE,6,8.6
08426124,Uttenweiler,Erststimmen,GRÜNE,12,9.6
08426124,Uttenweiler,Zweitstimmen,GRÜNE,16,12.7
08437031,"Gammertingen, Stadt",Erststimmen,GRÜNE,10,7.3
08437031,"Gammertingen, Stadt",Zweitstimmen,GRÜNE,12,8.8
08437078,"Meßkirch, Stadt",Erststimmen,GRÜNE,10,7.6
08437078,"Meßkirch, Stadt",Zweitstimmen,GRÜNE,21,16.3
08437088,"Pfullendorf, Stadt",Erststimmen,GRÜNE,11,12.1
08437088,"Pfullendorf, Stadt",Zweitstimmen,GRÜNE,10,11.2
08437100,"Bad Saulgau, Stadt",Erststimmen,GRÜNE,41,17.7
08437100,"Bad Saulgau, Stadt",Zweitstimmen,GRÜNE,50,21.6
08126039,"Ingelfingen, Stadt",Erststimmen,KlimalisteBW,,
08126039,"Ingelfingen, Stadt",Zweitstimmen,KlimalisteBW,0,0.0
08126046,"Künzelsau, Stadt",Erststimmen,KlimalisteBW,,
08126046,"Künzelsau, Stadt",Zweitstimmen,KlimalisteBW,0,0.0
08126056,Mulfingen,Erststimmen,KlimalisteBW,,
08126056,Mulfingen,Zweitstimmen,KlimalisteBW,0,0.0
08126072,Schöntal,Erststimmen,KlimalisteBW,,
08126072,Schöntal,Zweitstimmen,KlimalisteBW,0,0.0
08126085,"Waldenburg, Stadt",Erststimmen,KlimalisteBW,,
08126085,"Waldenburg, Stadt",Zweitstimmen,KlimalisteBW,0,0.0
08127032,"Gerabronn, Stadt",Erststimmen,KlimalisteBW,,
08127032,"Gerabronn, Stadt",Zweitstimmen,KlimalisteBW,0,0.0
08127047,"Langenburg, Stadt",Erststimmen,KlimalisteBW,,
08127047,"Langenburg, Stadt",Zweitstimmen,KlimalisteBW,0,0.0
08127073,Satteldorf,Erststimmen,KlimalisteBW,,
08127073,Satteldorf,Zweitstimmen,KlimalisteBW,0,0.0
08128020,"Creglingen, Stadt",Erststimmen,KlimalisteBW,,
08128020,"Creglingen, Stadt",Zweitstimmen,KlimalisteBW,0,0.0
08128039,"Freudenberg, Stadt",Erststimmen,KlimalisteBW,,
08128039,"Freudenberg, Stadt",Zweitstimmen,KlimalisteBW,1,0.5
08128047,"Grünsfeld, Stadt",Erststimmen,KlimalisteBW,,
08128047,"Grünsfeld, Stadt",Zweitstimmen,KlimalisteBW,0,0.0
08128058,Igersheim,Erststimmen,KlimalisteBW,,
08128058,Igersheim,Zweitstimmen,KlimalisteBW,0,0.0
08128061,Königheim,Erststimmen,KlimalisteBW,,
08128061,Königheim,Zweitstimmen,KlimalisteBW,0,0.0
08128064,"Külsheim, Stadt",Erststimmen,KlimalisteBW,,
08128064,"Külsheim, Stadt",Zweitstimmen,KlimalisteBW,0,0.0
08128126,"Weikersheim, Stadt",Erststimmen,KlimalisteBW,,
08128126,"Weikersheim, Stadt",Zweitstimmen,KlimalisteBW,0,0.0
08128128,Werbach,Erststimmen,KlimalisteBW,,
08128128,Werbach,Zweitstimmen,KlimalisteBW,1,0.5
08128139,"Lauda-Königshofen, Stadt",Erststimmen,KlimalisteBW,,
08128139,"Lauda-Königshofen, Stadt",Zweitstimmen,KlimalisteBW,0,0.0
08135010,Dischingen,Erststimmen,KlimalisteBW,,
08135010,Dischingen,Zweitstimmen,KlimalisteBW,0,0.0
08135016,"Giengen an der Brenz, Stadt",Erststimmen,KlimalisteBW,,
08135016,"Giengen an der Brenz, Stadt",Zweitstimmen,KlimalisteBW,0,0.0
08135020,"Herbrechtingen, Stadt",Erststimmen,KlimalisteBW,,
08135020,"Herbrechtingen, Stadt",Zweitstimmen,KlimalisteBW,0,0.0
08235006,"Altensteig, Stadt",Erststimmen,KlimalisteBW,,
08235006,"Altensteig, Stadt",Zweitstimmen,KlimalisteBW,1,0.4
08235020,Ebhausen,Erststimmen,KlimalisteBW,,
08235020,Ebhausen,Zweitstimmen,KlimalisteBW,0,0.0
08235050,Neuweiler,Erststimmen,KlimalisteBW,,
08235050,Neuweiler,Zweitstimmen,KlimalisteBW,0,0.0
08237073,Seewald,Erststimmen,KlimalisteBW,,
08237073,Seewald,Zweitstimmen,KlimalisteBW,0,0.0
08326005,"Blumberg, Stadt",Erststimmen,KlimalisteBW,,
08326005,"Blumberg, Stadt",Zweitstimmen,KlimalisteBW,0,0.0
08326052,"St. Georgen im Schwarzwald, Stadt",Erststimmen,KlimalisteBW,,
08326052,"St. Georgen im Schwarzwald, Stadt",Zweitstimmen,KlimalisteBW,0,0.0
08336087,"Todtnau, Stadt",Erststimmen,KlimalisteBW,,
08336087,"Todtnau, Stadt",Zweitstimmen,KlimalisteBW,0,0.0
08336089,Tunau,Erststimmen,KlimalisteBW,,
08336089,Tunau,Zweitstimmen,KlimalisteBW,0,0.0
08336091,"Weil am Rhein, Stadt",Erststimmen,KlimalisteBW,,
08336091,"Weil am Rhein, Stadt",Zweitstimmen,KlimalisteBW,1,0.3
08337062,Klettgau,Erststimmen,KlimalisteBW,,
08337062,Klettgau,Zweitstimmen,KlimalisteBW,0,0.0
08337125,Küssaberg,Erststimmen,KlimalisteBW,,
08337125,Küssaberg,Zweitstimmen,KlimalisteBW,0,0.0
08425020,"Blaubeuren, Stadt",Erststimmen,KlimalisteBW,,
08425020,"Blaubeuren, Stadt",Zweitstimmen,KlimalisteBW,0,0.0
08425033,"Ehingen (Donau), Stadt",Erststimmen,KlimalisteBW,,
08425033,"Ehingen (Donau), Stadt",Zweitstimmen,KlimalisteBW,0,0.0
08425075,Lonsee,Erststimmen,KlimalisteBW,,
08425075,Lonsee,Zweitstimmen,KlimalisteBW,0,0.0
08426097,"Riedlingen, Stadt",Erststimmen,KlimalisteBW,,
08426097,"Riedlingen, Stadt",Zweitstimmen,KlimalisteBW,0,0.0
08426121,Unlingen,Erststimmen,KlimalisteBW,,
08426121,Unlingen,Zweitstimmen,KlimalisteBW,0,0.0
08426124,Uttenweiler,Erststimmen,KlimalisteBW,,
08426124,Uttenweiler,Zweitstimmen,KlimalisteBW,0,0.0
08437031,"Gammertingen, Stadt",Erststimmen,KlimalisteBW,,
08437031,"Gammertingen, Stadt",Zweitstimmen,KlimalisteBW,0,0.0
08437078,"Meßkirch, Stadt",Erststimmen,KlimalisteBW,,
08437078,"Meßkirch, Stadt",Zweitstimmen,KlimalisteBW,0,0.0
08437088,"Pfullendorf, Stadt",Erststimmen,KlimalisteBW,,
08437088,"Pfullendorf, Stadt",Zweitstimmen,KlimalisteBW,0,0.0
08437100,"Bad Saulgau, Stadt",Erststimmen,KlimalisteBW,,
08437100,"Bad Saulgau, Stadt",Zweitstimmen,KlimalisteBW,0,0.0
08126039,"Ingelfingen, Stadt",Erststimmen,PDH,,
08126039,"Ingelfingen, Stadt",Zweitstimmen,PDH,0,0.0
08126046,"Künzelsau, Stadt",Erststimmen,PDH,,
08126046,"Künzelsau, Stadt",Zweitstimmen,PDH,0,0.0
08126056,Mulfingen,Erststimmen,PDH,,
08126056,Mulfingen,Zweitstimmen,PDH,0,0.0
08126072,Schöntal,Erststimmen,PDH,,
08126072,Schöntal,Zweitstimmen,PDH,0,0.0
08126085,"Waldenburg, Stadt",Erststimmen,PDH,,
08126085,"Waldenburg, Stadt",Zweitstimmen,PDH,0,0.0
08127032,"Gerabronn, Stadt",Erststimmen,PDH,,
08127032,"Gerabronn, Stadt",Zweitstimmen,PDH,0,0.0
08127047,"Langenburg, Stadt",Erststimmen,PDH,,
08127047,"Langenburg, Stadt",Zweitstimmen,PDH,0,0.0
08127073,Satteldorf,Erststimmen,PDH,,
08127073,Satteldorf,Zweitstimmen,PDH,0,0.0
08128020,"Creglingen, Stadt",Erststimmen,PDH,,
08128020,"Creglingen, Stadt",Zweitstimmen,PDH,0,0.0
08128039,"Freudenberg, Stadt",Erststimmen,PDH,,
08128039,"Freudenberg, Stadt",Zweitstimmen,PDH,0,0.0
08128047,"Grünsfeld, Stadt",Erststimmen,PDH,,
08128047,"Grünsfeld, Stadt",Zweitstimmen,PDH,0,0.0
08128058,Igersheim,Erststimmen,PDH,,
08128058,Igersheim,Zweitstimmen,PDH,0,0.0
08128061,Königheim,Erststimmen,PDH,,
08128061,Königheim,Zweitstimmen,PDH,0,0.0
08128064,"Külsheim, Stadt",Erststimmen,PDH,,
08128064,"Külsheim, Stadt",Zweitstimmen,PDH,0,0.0
08128126,"Weikersheim, Stadt",Erststimmen,PDH,,
08128126,"Weikersheim, Stadt",Zweitstimmen,PDH,0,0.0
08128128,Werbach,Erststimmen,PDH,,
08128128,Werbach,Zweitstimmen,PDH,0,0.0
08128139,"Lauda-Königshofen, Stadt",Erststimmen,PDH,,
08128139,"Lauda-Königshofen, Stadt",Zweitstimmen,PDH,0,0.0
08135010,Dischingen,Erststimmen,PDH,,
08135010,Dischingen,Zweitstimmen,PDH,0,0.0
08135016,"Giengen an der Brenz, Stadt",Erststimmen,PDH,,
08135016,"Giengen an der Brenz, Stadt",Zweitstimmen,PDH,0,0.0
08135020,"Herbrechtingen, Stadt",Erststimmen,PDH,,
08135020,"Herbrechtingen, Stadt",Zweitstimmen,PDH,0,0.0
08235006,"Altensteig, Stadt",Erststimmen,PDH,,
08235006,"Altensteig, Stadt",Zweitstimmen,PDH,0,0.0
08235020,Ebhausen,Erststimmen,PDH,,
08235020,Ebhausen,Zweitstimmen,PDH,0,0.0
08235050,Neuweiler,Erststimmen,PDH,,
08235050,Neuweiler,Zweitstimmen,PDH,0,0.0
08237073,Seewald,Erststimmen,PDH,,
08237073,Seewald,Zweitstimmen,PDH,0,0.0
08326005,"Blumberg, Stadt",Erststimmen,PDH,,
08326005,"Blumberg, Stadt",Zweitstimmen,PDH,0,0.0
08326052,"St. Georgen im Schwarzwald, Stadt",Erststimmen,PDH,,
08326052,"St. Georgen im Schwarzwald, Stadt",Zweitstimmen,PDH,0,0.0
08336087,"Todtnau, Stadt",Erststimmen,PDH,,
08336087,"Todtnau, Stadt",Zweitstimmen,PDH,0,0.0
08336089,Tunau,Erststimmen,PDH,,
08336089,Tunau,Zweitstimmen,PDH,0,0.0
08336091,"Weil am Rhein, Stadt",Erststimmen,PDH,,
08336091,"Weil am Rhein, Stadt",Zweitstimmen,PDH,0,0.0
08337062,Klettgau,Erststimmen,PDH,,
08337062,Klettgau,Zweitstimmen,PDH,0,0.0
08337125,Küssaberg,Erststimmen,PDH,,
08337125,Küssaberg,Zweitstimmen,PDH,0,0.0
08425020,"Blaubeuren, Stadt",Erststimmen,PDH,,
08425020,"Blaubeuren, Stadt",Zweitstimmen,PDH,0,0.0
08425033,"Ehingen (Donau), Stadt",Erststimmen,PDH,,
08425033,"Ehingen (Donau), Stadt",Zweitstimmen,PDH,0,0.0
08425075,Lonsee,Erststimmen,PDH,,
08425075,Lonsee,Zweitstimmen,PDH,0,0.0
08426097,"Riedlingen, Stadt",Erststimmen,PDH,,
08426097,"Riedlingen, Stadt",Zweitstimmen,PDH,0,0.0
08426121,Unlingen,Erststimmen,PDH,,
08426121,Unlingen,Zweitstimmen,PDH,0,0.0
08426124,Uttenweiler,Erststimmen,PDH,,
08426124,Uttenweiler,Zweitstimmen,PDH,0,0.0
08437031,"Gammertingen, Stadt",Erststimmen,PDH,,
08437031,"Gammertingen, Stadt",Zweitstimmen,PDH,2,1.5
08437078,"Meßkirch, Stadt",Erststimmen,PDH,,
08437078,"Meßkirch, Stadt",Zweitstimmen,PDH,0,0.0
08437088,"Pfullendorf, Stadt",Erststimmen,PDH,,
08437088,"Pfullendorf, Stadt",Zweitstimmen,PDH,0,0.0
08437100,"Bad Saulgau, Stadt",Erststimmen,PDH,,
08437100,"Bad Saulgau, Stadt",Zweitstimmen,PDH,0,0.0
08126039,"Ingelfingen, Stadt",Erststimmen,PDR,,
08126039,"Ingelfingen, Stadt",Zweitstimmen,PDR,1,0.7
08126046,"Künzelsau, Stadt",Erststimmen,PDR,,
08126046,"Künzelsau, Stadt",Zweitstimmen,PDR,0,0.0
08126056,Mulfingen,Erststimmen,PDR,,
08126056,Mulfingen,Zweitstimmen,PDR,1,0.7
08126072,Schöntal,Erststimmen,PDR,,
08126072,Schöntal,Zweitstimmen,PDR,0,0.0
08126085,"Waldenburg, Stadt",Erststimmen,PDR,,
08126085,"Waldenburg, Stadt",Zweitstimmen,PDR,0,0.0
08127032,"Gerabronn, Stadt",Erststimmen,PDR,,
08127032,"Gerabronn, Stadt",Zweitstimmen,PDR,0,0.0
08127047,"Langenburg, Stadt",Erststimmen,PDR,,
08127047,"Langenburg, Stadt",Zweitstimmen,PDR,0,0.0
08127073,Satteldorf,Erststimmen,PDR,,
08127073,Satteldorf,Zweitstimmen,PDR,0,0.0
08128020,"Creglingen, Stadt",Erststimmen,PDR,,
08128020,"Creglingen, Stadt",Zweitstimmen,PDR,0,0.0
08128039,"Freudenberg, Stadt",Erststimmen,PDR,,
08128039,"Freudenberg, Stadt",Zweitstimmen,PDR,0,0.0
08128047,"Grünsfeld, Stadt",Erststimmen,PDR,,
08128047,"Grünsfeld, Stadt",Zweitstimmen,PDR,0,0.0
08128058,Igersheim,Erststimmen,PDR,,
08128058,Igersheim,Zweitstimmen,PDR,0,0.0
08128061,Königheim,Erststimmen,PDR,,
08128061,Königheim,Zweitstimmen,PDR,0,0.0
08128064,"Külsheim, Stadt",Erststimmen,PDR,,
08128064,"Külsheim, Stadt",Zweitstimmen,PDR,0,0.0
08128126,"Weikersheim, Stadt",Erststimmen,PDR,,
08128126,"Weikersheim, Stadt",Zweitstimmen,PDR,0,0.0
08128128,Werbach,Erststimmen,PDR,,
08128128,Werbach,Zweitstimmen,PDR,0,0.0
08128139,"Lauda-Königshofen, Stadt",Erststimmen,PDR,,
08128139,"Lauda-Königshofen, Stadt",Zweitstimmen,PDR,0,0.0
08135010,Dischingen,Erststimmen,PDR,,
08135010,Dischingen,Zweitstimmen,PDR,0,0.0
08135016,"Giengen an der Brenz, Stadt",Erststimmen,PDR,,
08135016,"Giengen an der Brenz, Stadt",Zweitstimmen,PDR,0,0.0
08135020,"Herbrechtingen, Stadt",Erststimmen,PDR,,
08135020,"Herbrechtingen, Stadt",Zweitstimmen,PDR,0,0.0
08235006,"Altensteig, Stadt",Erststimmen,PDR,,
08235006,"Altensteig, Stadt",Zweitstimmen,PDR,0,0.0
08235020,Ebhausen,Erststimmen,PDR,,
08235020,Ebhausen,Zweitstimmen,PDR,0,0.0
08235050,Neuweiler,Erststimmen,PDR,,
08235050,Neuweiler,Zweitstimmen,PDR,2,1.2
08237073,Seewald,Erststimmen,PDR,,
08237073,Seewald,Zweitstimmen,PDR,0,0.0
08326005,"Blumberg, Stadt",Erststimmen,PDR,,
08326005,"Blumberg, Stadt",Zweitstimmen,PDR,0,0.0
08326052,"St. Georgen im Schwarzwald, Stadt",Erststimmen,PDR,,
08326052,"St. Georgen im Schwarzwald, Stadt",Zweitstimmen,PDR,0,0.0
08336087,"Todtnau, Stadt",Erststimmen,PDR,,
08336087,"Todtnau, Stadt",Zweitstimmen,PDR,0,0.0
08336089,Tunau,Erststimmen,PDR,,
08336089,Tunau,Zweitstimmen,PDR,0,0.0
08336091,"Weil am Rhein, Stadt",Erststimmen,PDR,,
08336091,"Weil am Rhein, Stadt",Zweitstimmen,PDR,0,0.0
08337062,Klettgau,Erststimmen,PDR,,
08337062,Klettgau,Zweitstimmen,PDR,0,0.0
08337125,Küssaberg,Erststimmen,PDR,,
08337125,Küssaberg,Zweitstimmen,PDR,0,0.0
08425020,"Blaubeuren, Stadt",Erststimmen,PDR,,
08425020,"Blaubeuren, Stadt",Zweitstimmen,PDR,0,0.0
08425033,"Ehingen (Donau), Stadt",Erststimmen,PDR,,
08425033,"Ehingen (Donau), Stadt",Zweitstimmen,PDR,0,0.0
08425075,Lonsee,Erststimmen,PDR,,
08425075,Lonsee,Zweitstimmen,PDR,0,0.0
08426097,"Riedlingen, Stadt",Erststimmen,PDR,,
08426097,"Riedlingen, Stadt",Zweitstimmen,PDR,0,0.0
08426121,Unlingen,Erststimmen,PDR,,
08426121,Unlingen,Zweitstimmen,PDR,0,0.0
08426124,Uttenweiler,Erststimmen,PDR,,
08426124,Uttenweiler,Zweitstimmen,PDR,0,0.0
08437031,"Gammertingen, Stadt",Erststimmen,PDR,,
08437031,"Gammertingen, Stadt",Zweitstimmen,PDR,1,0.7
08437078,"Meßkirch, Stadt",Erststimmen,PDR,,
08437078,"Meßkirch, Stadt",Zweitstimmen,PDR,0,0.0
08437088,"Pfullendorf, Stadt",Erststimmen,PDR,,
08437088,"Pfullendorf, Stadt",Zweitstimmen,PDR,0,0.0
08437100,"Bad Saulgau, Stadt",Erststimmen,PDR,,
08437100,"Bad Saulgau, Stadt",Zweitstimmen,PDR,2,0.9
08426097,"Riedlingen, Stadt",Erststimmen,PIRATEN,0,0.0
08426097,"Riedlingen, Stadt",Zweitstimmen,PIRATEN,,
08426121,Unlingen,Erststimmen,PIRATEN,0,0.0
08426121,Unlingen,Zweitstimmen,PIRATEN,,
08426124,Uttenweiler,Erststimmen,PIRATEN,0,0.0
08426124,Uttenweiler,Zweitstimmen,PIRATEN,,
08126039,"Ingelfingen, Stadt",Erststimmen,PdF,,
08126039,"Ingelfingen, Stadt",Zweitstimmen,PdF,0,0.0
08126046,"Künzelsau, Stadt",Erststimmen,PdF,,
08126046,"Künzelsau, Stadt",Zweitstimmen,PdF,0,0.0
08126056,Mulfingen,Erststimmen,PdF,,
08126056,Mulfingen,Zweitstimmen,PdF,0,0.0
08126072,Schöntal,Erststimmen,PdF,,
08126072,Schöntal,Zweitstimmen,PdF,0,0.0
08126085,"Waldenburg, Stadt",Erststimmen,PdF,,
08126085,"Waldenburg, Stadt",Zweitstimmen,PdF,0,0.0
08127032,"Gerabronn, Stadt",Erststimmen,PdF,,
08127032,"Gerabronn, Stadt",Zweitstimmen,PdF,0,0.0
08127047,"Langenburg, Stadt",Erststimmen,PdF,,
08127047,"Langenburg, Stadt",Zweitstimmen,PdF,0,0.0
08127073,Satteldorf,Erststimmen,PdF,,
08127073,Satteldorf,Zweitstimmen,PdF,2,1.2
08128020,"Creglingen, Stadt",Erststimmen,PdF,,
08128020,"Creglingen, Stadt",Zweitstimmen,PdF,0,0.0
08128039,"Freudenberg, Stadt",Erststimmen,PdF,,
08128039,"Freudenberg, Stadt",Zweitstimmen,PdF,0,0.0
08128047,"Grünsfeld, Stadt",Erststimmen,PdF,,
08128047,"Grünsfeld, Stadt",Zweitstimmen,PdF,0,0.0
08128058,Igersheim,Erststimmen,PdF,,
08128058,Igersheim,Zweitstimmen,PdF,0,0.0
08128061,Königheim,Erststimmen,PdF,,
08128061,Königheim,Zweitstimmen,PdF,0,0.0
08128064,"Külsheim, Stadt",Erststimmen,PdF,,
08128064,"Külsheim, Stadt",Zweitstimmen,PdF,0,0.0
08128126,"Weikersheim, Stadt",Erststimmen,PdF,,
08128126,"Weikersheim, Stadt",Zweitstimmen,PdF,0,0.0
08128128,Werbach,Erststimmen,PdF,,
08128128,Werbach,Zweitstimmen,PdF,0,0.0
08128139,"Lauda-Königshofen, Stadt",Erststimmen,PdF,,
08128139,"Lauda-Königshofen, Stadt",Zweitstimmen,PdF,0,0.0
08135010,Dischingen,Erststimmen,PdF,,
08135010,Dischingen,Zweitstimmen,PdF,0,0.0
08135016,"Giengen an der Brenz, Stadt",Erststimmen,PdF,,
08135016,"Giengen an der Brenz, Stadt",Zweitstimmen,PdF,0,0.0
08135020,"Herbrechtingen, Stadt",Erststimmen,PdF,,
08135020,"Herbrechtingen, Stadt",Zweitstimmen,PdF,0,0.0
08235006,"Altensteig, Stadt",Erststimmen,PdF,,
08235006,"Altensteig, Stadt",Zweitstimmen,PdF,0,0.0
08235020,Ebhausen,Erststimmen,PdF,,
08235020,Ebhausen,Zweitstimmen,PdF,0,0.0
08235050,Neuweiler,Erststimmen,PdF,,
08235050,Neuweiler,Zweitstimmen,PdF,0,0.0
08237073,Seewald,Erststimmen,PdF,,
08237073,Seewald,Zweitstimmen,PdF,0,0.0
08326005,"Blumberg, Stadt",Erststimmen,PdF,,
08326005,"Blumberg, Stadt",Zweitstimmen,PdF,0,0.0
08326052,"St. Georgen im Schwarzwald, Stadt",Erststimmen,PdF,,
08326052,"St. Georgen im Schwarzwald, Stadt",Zweitstimmen,PdF,0,0.0
08336087,"Todtnau, Stadt",Erststimmen,PdF,,
08336087,"Todtnau, Stadt",Zweitstimmen,PdF,0,0.0
08336089,Tunau,Erststimmen,PdF,,
08336089,Tunau,Zweitstimmen,PdF,0,0.0
08336091,"Weil am Rhein, Stadt",Erststimmen,PdF,,
08336091,"Weil am Rhein, Stadt",Zweitstimmen,PdF,0,0.0
08337062,Klettgau,Erststimmen,PdF,,
08337062,Klettgau,Zweitstimmen,PdF,0,0.0
08337125,Küssaberg,Erststimmen,PdF,,
08337125,Küssaberg,Zweitstimmen,PdF,0,0.0
08425020,"Blaubeuren, Stadt",Erststimmen,PdF,,
08425020,"Blaubeuren, Stadt",Zweitstimmen,PdF,0,0.0
08425033,"Ehingen (Donau), Stadt",Erststimmen,PdF,,
08425033,"Ehingen (Donau), Stadt",Zweitstimmen,PdF,0,0.0
08425075,Lonsee,Erststimmen,PdF,,
08425075,Lonsee,Zweitstimmen,PdF,0,0.0
08426097,"Riedlingen, Stadt",Erststimmen,PdF,,
08426097,"Riedlingen, Stadt",Zweitstimmen,PdF,0,0.0
08426121,Unlingen,Erststimmen,PdF,,
08426121,Unlingen,Zweitstimmen,PdF,0,0.0
08426124,Uttenweiler,Erststimmen,PdF,,
08426124,Uttenweiler,Zweitstimmen,PdF,0,0.0
08437031,"Gammertingen, Stadt",Erststimmen,PdF,,
08437031,"Gammertingen, Stadt",Zweitstimmen,PdF,0,0.0
08437078,"Meßkirch, Stadt",Erststimmen,PdF,,
08437078,"Meßkirch, Stadt",Zweitstimmen,PdF,0,0.0
08437088,"Pfullendorf, Stadt",Erststimmen,PdF,,
08437088,"Pfullendorf, Stadt",Zweitstimmen,PdF,0,0.0
08437100,"Bad Saulgau, Stadt",Erststimmen,PdF,,
08437100,"Bad Saulgau, Stadt",Zweitstimmen,PdF,0,0.0
08126039,"Ingelfingen, Stadt",Erststimmen,SPD,10,6.5
08126039,"Ingelfingen, Stadt",Zweitstimmen,SPD,14,9.2
08126046,"Künzelsau, Stadt",Erststimmen,SPD,1,0.8
08126046,"Künzelsau, Stadt",Zweitstimmen,SPD,0,0.0
08126056,Mulfingen,Erststimmen,SPD,7,4.8
08126056,Mulfingen,Zweitstimmen,SPD,7,4.9
08126072,Schöntal,Erststimmen,SPD,10,5.6
08126072,Schöntal,Zweitstimmen,SPD,5,2.8
08126085,"Waldenburg, Stadt",Erststimmen,SPD,9,5.2
08126085,"Waldenburg, Stadt",Zweitstimmen,SPD,8,4.6
08127032,"Gerabronn, Stadt",Erststimmen,SPD,12,3.9
08127032,"Gerabronn, Stadt",Zweitstimmen,SPD,10,3.3
08127047,"Langenburg, Stadt",Erststimmen,SPD,1,1.5
08127047,"Langenburg, Stadt",Zweitstimmen,SPD,2,3.0
08127073,Satteldorf,Erststimmen,SPD,5,3.0
08127073,Satteldorf,Zweitstimmen,SPD,5,3.0
08128020,"Creglingen, Stadt",Erststimmen,SPD,15,7.2
08128020,"Creglingen, Stadt",Zweitstimmen,SPD,11,5.3
08128039,"Freudenberg, Stadt",Erststimmen,SPD,14,6.4
08128039,"Freudenberg, Stadt",Zweitstimmen,SPD,14,6.5
08128047,"Grünsfeld, Stadt",Erststimmen,SPD,12,5.7
08128047,"Grünsfeld, Stadt",Zweitstimmen,SPD,7,3.3
08128058,Igersheim,Erststimmen,SPD,5,4.1
08128058,Igersheim,Zweitstimmen,SPD,4,3.3
08128061,Königheim,Erststimmen,SPD,7,4.8
08128061,Königheim,Zweitstimmen,SPD,4,2.7
08128064,"Külsheim, Stadt",Erststimmen,SPD,3,5.5
08128064,"Külsheim, Stadt",Zweitstimmen,SPD,3,5.7
08128126,"Weikersheim, Stadt",Erststimmen,SPD,4,6.5
08128126,"Weikersheim, Stadt",Zweitstimmen,SPD,3,4.8
08128128,Werbach,Erststimmen,SPD,14,7.5
08128128,Werbach,Zweitstimmen,SPD,8,4.2
08128139,"Lauda-Königshofen, Stadt",Erststimmen,SPD,1,2.4
08128139,"Lauda-Königshofen, Stadt",Zweitstimmen,SPD,2,4.9
08135010,Dischingen,Erststimmen,SPD,19,7.7
08135010,Dischingen,Zweitstimmen,SPD,7,2.8
08135016,"Giengen an der Brenz, Stadt",Erststimmen,SPD,23,20.5
08135016,"Giengen an der Brenz, Stadt",Zweitstimmen,SPD,10,8.8
08135020,"Herbrechtingen, Stadt",Erststimmen,SPD,7,10.6
08135020,"Herbrechtingen, Stadt",Zweitstimmen,SPD,1,1.5
08235006,"Altensteig, Stadt",Erststimmen,SPD,9,3.4
08235006,"Altensteig, Stadt",Zweitstimmen,SPD,3,1.2
08235020,Ebhausen,Erststimmen,SPD,2,1.8
08235020,Ebhausen,Zweitstimmen,SPD,1,0.9
08235050,Neuweiler,Erststimmen,SPD,17,10.4
08235050,Neuweiler,Zweitstimmen,SPD,11,6.7
08237073,Seewald,Erststimmen,SPD,3,3.9
08237073,Seewald,Zweitstimmen,SPD,1,1.3
08326005,"Blumberg, Stadt",Erststimmen,SPD,3,4.1
08326005,"Blumberg, Stadt",Zweitstimmen,SPD,2,2.7
08326052,"St. Georgen im Schwarzwald, Stadt",Erststimmen,SPD,3,3.5
08326052,"St. Georgen im Schwarzwald, Stadt",Zweitstimmen,SPD,2,2.3
08336087,"Todtnau, Stadt",Erststimmen,SPD,5,8.9
08336087,"Todtnau, Stadt",Zweitstimmen,SPD,3,5.5
08336089,Tunau,Erststimmen,SPD,9,10.3
08336089,Tunau,Zweitstimmen,SPD,2,2.3
08336091,"Weil am Rhein, Stadt",Erststimmen,SPD,45,14.5
08336091,"Weil am Rhein, Stadt",Zweitstimmen,SPD,33,10.5
08337062,Klettgau,Erststimmen,SPD,10,4.9
08337062,Klettgau,Zweitstimmen,SPD,13,6.4
08337125,Küssaberg,Erststimmen,SPD,2,3.6
08337125,Küssaberg,Zweitstimmen,SPD,1,1.9
08425020,"Blaubeuren, Stadt",Erststimmen,SPD,3,3.1
08425020,"Blaubeuren, Stadt",Zweitstimmen,SPD,3,3.1
08425033,"Ehingen (Donau), Stadt",Erststimmen,SPD,4,1.7
08425033,"Ehingen (Donau), Stadt",Zweitstimmen,SPD,5,2.1
08425075,Lonsee,Erststimmen,SPD,6,8.3
08425075,Lonsee,Zweitstimmen,SPD,5,6.8
08426097,"Riedlingen, Stadt",Erststimmen,SPD,3,2.1
08426097,"Riedlingen, Stadt",Zweitstimmen,SPD,2,1.4
08426121,Unlingen,Erststimmen,SPD,3,4.3
08426121,Unlingen,Zweitstimmen,SPD,2,2.9
08426124,Uttenweiler,Erststimmen,SPD,3,2.4
08426124,Uttenweiler,Zweitstimmen,SPD,1,0.8
08437031,"Gammertingen, Stadt",Erststimmen,SPD,10,7.3
08437031,"Gammertingen, Stadt",Zweitstimmen,SPD,8,5.8
08437078,"Meßkirch, Stadt",Erststimmen,SPD,0,0.0
08437078,"Meßkirch, Stadt",Zweitstimmen,SPD,2,1.6
08437088,"Pfullendorf, Stadt",Erststimmen,SPD,1,1.1
08437088,"Pfullendorf, Stadt",Zweitstimmen,SPD,1,1.1
08437100,"Bad Saulgau, Stadt",Erststimmen,SPD,2,0.9
08437100,"Bad Saulgau, Stadt",Zweitstimmen,SPD,4,1.7
08126039,"Ingelfingen, Stadt",Erststimmen,Tierschutzpartei,,
08126039,"Ingelfingen, Stadt",Zweitstimmen,Tierschutzpartei,3,2.0
08126046,"Künzelsau, Stadt",Erststimmen,Tierschutzpartei,,
08126046,"Künzelsau, Stadt",Zweitstimmen,Tierschutzpartei,0,0.0
08126056,Mulfingen,Erststimmen,Tierschutzpartei,,
08126056,Mulfingen,Zweitstimmen,Tierschutzpartei,0,0.0
08126072,Schöntal,Erststimmen,Tierschutzpartei,,
08126072,Schöntal,Zweitstimmen,Tierschutzpartei,0,0.0
08126085,"Waldenburg, Stadt",Erststimmen,Tierschutzpartei,,
08126085,"Waldenburg, Stadt",Zweitstimmen,Tierschutzpartei,3,1.7
08127032,"Gerabronn, Stadt",Erststimmen,Tierschutzpartei,,
08127032,"Gerabronn, Stadt",Zweitstimmen,Tierschutzpartei,3,1.0
08127047,"Langenburg, Stadt",Erststimmen,Tierschutzpartei,,
08127047,"Langenburg, Stadt",Zweitstimmen,Tierschutzpartei,0,0.0
08127073,Satteldorf,Erststimmen,Tierschutzpartei,,
08127073,Satteldorf,Zweitstimmen,Tierschutzpartei,0,0.0
08128020,"Creglingen, Stadt",Erststimmen,Tierschutzpartei,,
08128020,"Creglingen, Stadt",Zweitstimmen,Tierschutzpartei,0,0.0
08128039,"Freudenberg, Stadt",Erststimmen,Tierschutzpartei,,
08128039,"Freudenberg, Stadt",Zweitstimmen,Tierschutzpartei,0,0.0
08128047,"Grünsfeld, Stadt",Erststimmen,Tierschutzpartei,,
08128047,"Grünsfeld, Stadt",Zweitstimmen,Tierschutzpartei,2,0.9
08128058,Igersheim,Erststimmen,Tierschutzpartei,,
08128058,Igersheim,Zweitstimmen,Tierschutzpartei,0,0.0
08128061,Königheim,Erststimmen,Tierschutzpartei,,
08128061,Königheim,Zweitstimmen,Tierschutzpartei,2,1.4
08128064,"Külsheim, Stadt",Erststimmen,Tierschutzpartei,,
08128064,"Külsheim, Stadt",Zweitstimmen,Tierschutzpartei,0,0.0
08128126,"Weikersheim, Stadt",Erststimmen,Tierschutzpartei,,
08128126,"Weikersheim, Stadt",Zweitstimmen,Tierschutzpartei,0,0.0
08128128,Werbach,Erststimmen,Tierschutzpartei,,
08128128,Werbach,Zweitstimmen,Tierschutzpartei,2,1.1
08128139,"Lauda-Königshofen, Stadt",Erststimmen,Tierschutzpartei,,
08128139,"Lauda-Königshofen, Stadt",Zweitstimmen,Tierschutzpartei,0,0.0
08135010,Dischingen,Erststimmen,Tierschutzpartei,,
08135010,Dischingen,Zweitstimmen,Tierschutzpartei,0,0.0
08135016,"Giengen an der Brenz, Stadt",Erststimmen,Tierschutzpartei,,
08135016,"Giengen an der Brenz, Stadt",Zweitstimmen,Tierschutzpartei,0,0.0
08135020,"Herbrechtingen, Stadt",Erststimmen,Tierschutzpartei,,
08135020,"Herbrechtingen, Stadt",Zweitstimmen,Tierschutzpartei,0,0.0
08235006,"Altensteig, Stadt",Erststimmen,Tierschutzpartei,,
08235006,"Altensteig, Stadt",Zweitstimmen,Tierschutzpartei,3,1.2
08235020,Ebhausen,Erststimmen,Tierschutzpartei,,
08235020,Ebhausen,Zweitstimmen,Tierschutzpartei,0,0.0
08235050,Neuweiler,Erststimmen,Tierschutzpartei,,
08235050,Neuweiler,Zweitstimmen,Tierschutzpartei,0,0.0
08237073,Seewald,Erststimmen,Tierschutzpartei,,
08237073,Seewald,Zweitstimmen,Tierschutzpartei,1,1.3
08326005,"Blumberg, Stadt",Erststimmen,Tierschutzpartei,,
08326005,"Blumberg, Stadt",Zweitstimmen,Tierschutzpartei,0,0.0
08326052,"St. Georgen im Schwarzwald, Stadt",Erststimmen,Tierschutzpartei,,
08326052,"St. Georgen im Schwarzwald, Stadt",Zweitstimmen,Tierschutzpartei,0,0.0
08336087,"Todtnau, Stadt",Erststimmen,Tierschutzpartei,,
08336087,"Todtnau, Stadt",Zweitstimmen,Tierschutzpartei,0,0.0
08336089,Tunau,Erststimmen,Tierschutzpartei,,
08336089,Tunau,Zweitstimmen,Tierschutzpartei,0,0.0
08336091,"Weil am Rhein, Stadt",Erststimmen,Tierschutzpartei,,
08336091,"Weil am Rhein, Stadt",Zweitstimmen,Tierschutzpartei,1,0.3
08337062,Klettgau,Erststimmen,Tierschutzpartei,,
08337062,Klettgau,Zweitstimmen,Tierschutzpartei,3,1.5
08337125,Küssaberg,Erststimmen,Tierschutzpartei,,
08337125,Küssaberg,Zweitstimmen,Tierschutzpartei,0,0.0
08425020,"Blaubeuren, Stadt",Erststimmen,Tierschutzpartei,,
08425020,"Blaubeuren, Stadt",Zweitstimmen,Tierschutzpartei,1,1.0
08425033,"Ehingen (Donau), Stadt",Erststimmen,Tierschutzpartei,,
08425033,"Ehingen (Donau), Stadt",Zweitstimmen,Tierschutzpartei,3,1.3
08425075,Lonsee,Erststimmen,Tierschutzpartei,,
08425075,Lonsee,Zweitstimmen,Tierschutzpartei,0,0.0
08426097,"Riedlingen, Stadt",Erststimmen,Tierschutzpartei,,
08426097,"Riedlingen, Stadt",Zweitstimmen,Tierschutzpartei,0,0.0
08426121,Unlingen,Erststimmen,Tierschutzpartei,,
08426121,Unlingen,Zweitstimmen,Tierschutzpartei,1,1.4
08426124,Uttenweiler,Erststimmen,Tierschutzpartei,,
08426124,Uttenweiler,Zweitstimmen,Tierschutzpartei,1,0.8
08437031,"Gammertingen, Stadt",Erststimmen,Tierschutzpartei,,
08437031,"Gammertingen, Stadt",Zweitstimmen,Tierschutzpartei,0,0.0
08437078,"Meßkirch, Stadt",Erststimmen,Tierschutzpartei,,
08437078,"Meßkirch, Stadt",Zweitstimmen,Tierschutzpartei,0,0.0
08437088,"Pfullendorf, Stadt",Erststimmen,Tierschutzpartei,,
08437088,"Pfullendorf, Stadt",Zweitstimmen,Tierschutzpartei,0,0.0
08437100,"Bad Saulgau, Stadt",Erststimmen,Tierschutzpartei,,
08437100,"Bad Saulgau, Stadt",Zweitstimmen,Tierschutzpartei,2,0.9
08126039,"Ingelfingen, Stadt",Erststimmen,Verjüngungsforschung,,
08126039,"Ingelfingen, Stadt",Zweitstimmen,Verjüngungsforschung,0,0.0
08126046,"Künzelsau, Stadt",Erststimmen,Verjüngungsforschung,,
08126046,"Künzelsau, Stadt",Zweitstimmen,Verjüngungsforschung,0,0.0
08126056,Mulfingen,Erststimmen,Verjüngungsforschung,,
08126056,Mulfingen,Zweitstimmen,Verjüngungsforschung,0,0.0
08126072,Schöntal,Erststimmen,Verjüngungsforschung,,
08126072,Schöntal,Zweitstimmen,Verjüngungsforschung,0,0.0
08126085,"Waldenburg, Stadt",Erststimmen,Verjüngungsforschung,,
08126085,"Waldenburg, Stadt",Zweitstimmen,Verjüngungsforschung,0,0.0
08127032,"Gerabronn, Stadt",Erststimmen,Verjüngungsforschung,,
08127032,"Gerabronn, Stadt",Zweitstimmen,Verjüngungsforschung,0,0.0
08127047,"Langenburg, Stadt",Erststimmen,Verjüngungsforschung,,
08127047,"Langenburg, Stadt",Zweitstimmen,Verjüngungsforschung,0,0.0
08127073,Satteldorf,Erststimmen,Verjüngungsforschung,,
08127073,Satteldorf,Zweitstimmen,Verjüngungsforschung,0,0.0
08128020,"Creglingen, Stadt",Erststimmen,Verjüngungsforschung,,
08128020,"Creglingen, Stadt",Zweitstimmen,Verjüngungsforschung,0,0.0
08128039,"Freudenberg, Stadt",Erststimmen,Verjüngungsforschung,,
08128039,"Freudenberg, Stadt",Zweitstimmen,Verjüngungsforschung,0,0.0
08128047,"Grünsfeld, Stadt",Erststimmen,Verjüngungsforschung,,
08128047,"Grünsfeld, Stadt",Zweitstimmen,Verjüngungsforschung,0,0.0
08128058,Igersheim,Erststimmen,Verjüngungsforschung,,
08128058,Igersheim,Zweitstimmen,Verjüngungsforschung,0,0.0
08128061,Königheim,Erststimmen,Verjüngungsforschung,,
08128061,Königheim,Zweitstimmen,Verjüngungsforschung,0,0.0
08128064,"Külsheim, Stadt",Erststimmen,Verjüngungsforschung,,
08128064,"Külsheim, Stadt",Zweitstimmen,Verjüngungsforschung,0,0.0
08128126,"Weikersheim, Stadt",Erststimmen,Verjüngungsforschung,,
08128126,"Weikersheim, Stadt",Zweitstimmen,Verjüngungsforschung,0,0.0
08128128,Werbach,Erststimmen,Verjüngungsforschung,,
08128128,Werbach,Zweitstimmen,Verjüngungsforschung,0,0.0
08128139,"Lauda-Königshofen, Stadt",Erststimmen,Verjüngungsforschung,,
08128139,"Lauda-Königshofen, Stadt",Zweitstimmen,Verjüngungsforschung,0,0.0
08135010,Dischingen,Erststimmen,Verjüngungsforschung,,
08135010,Dischingen,Zweitstimmen,Verjüngungsforschung,0,0.0
08135016,"Giengen an der Brenz, Stadt",Erststimmen,Verjüngungsforschung,,
08135016,"Giengen an der Brenz, Stadt",Zweitstimmen,Verjüngungsforschung,0,0.0
08135020,"Herbrechtingen, Stadt",Erststimmen,Verjüngungsforschung,,
08135020,"Herbrechtingen, Stadt",Zweitstimmen,Verjüngungsforschung,0,0.0
08235006,"Altensteig, Stadt",Erststimmen,Verjüngungsforschung,,
08235006,"Altensteig, Stadt",Zweitstimmen,Verjüngungsforschung,0,0.0
08235020,Ebhausen,Erststimmen,Verjüngungsforschung,,
08235020,Ebhausen,Zweitstimmen,Verjüngungsforschung,0,0.0
08235050,Neuweiler,Erststimmen,Verjüngungsforschung,,
08235050,Neuweiler,Zweitstimmen,Verjüngungsforschung,1,0.6
08237073,Seewald,Erststimmen,Verjüngungsforschung,,
08237073,Seewald,Zweitstimmen,Verjüngungsforschung,0,0.0
08326005,"Blumberg, Stadt",Erststimmen,Verjüngungsforschung,,
08326005,"Blumberg, Stadt",Zweitstimmen,Verjüngungsforschung,0,0.0
08326052,"St. Georgen im Schwarzwald, Stadt",Erststimmen,Verjüngungsforschung,,
08326052,"St. Georgen im Schwarzwald, Stadt",Zweitstimmen,Verjüngungsforschung,0,0.0
08336087,"Todtnau, Stadt",Erststimmen,Verjüngungsforschung,,
08336087,"Todtnau, Stadt",Zweitstimmen,Verjüngungsforschung,0,0.0
08336089,Tunau,Erststimmen,Verjüngungsforschung,,
08336089,Tunau,Zweitstimmen,Verjüngungsforschung,0,0.0
08336091,"Weil am Rhein, Stadt",Erststimmen,Verjüngungsforschung,,
08336091,"Weil am Rhein, Stadt",Zweitstimmen,Verjüngungsforschung,0,0.0
08337062,Klettgau,Erststimmen,Verjüngungsforschung,,
08337062,Klettgau,Zweitstimmen,Verjüngungsforschung,0,0.0
08337125,Küssaberg,Erststimmen,Verjüngungsforschung,,
08337125,Küssaberg,Zweitstimmen,Verjüngungsforschung,0,0.0
08425020,"Blaubeuren, Stadt",Erststimmen,Verjüngungsforschung,,
08425020,"Blaubeuren, Stadt",Zweitstimmen,Verjüngungsforschung,0,0.0
08425033,"Ehingen (Donau), Stadt",Erststimmen,Verjüngungsforschung,,
08425033,"Ehingen (Donau), Stadt",Zweitstimmen,Verjüngungsforschung,0,0.0
08425075,Lonsee,Erststimmen,Verjüngungsforschung,,
08425075,Lonsee,Zweitstimmen,Verjüngungsforschung,0,0.0
08426097,"Riedlingen, Stadt",Erststimmen,Verjüngungsforschung,,
08426097,"Riedlingen, Stadt",Zweitstimmen,Verjüngungsforschung,0,0.0
08426121,Unlingen,Erststimmen,Verjüngungsforschung,,
08426121,Unlingen,Zweitstimmen,Verjüngungsforschung,0,0.0
08426124,Uttenweiler,Erststimmen,Verjüngungsforschung,,
08426124,Uttenweiler,Zweitstimmen,Verjüngungsforschung,1,0.8
08437031,"Gammertingen, Stadt",Erststimmen,Verjüngungsforschung,,
08437031,"Gammertingen, Stadt",Zweitstimmen,Verjüngungsforschung,0,0.0
08437078,"Meßkirch, Stadt",Erststimmen,Verjüngungsforschung,,
08437078,"Meßkirch, Stadt",Zweitstimmen,Verjüngungsforschung,0,0.0
08437088,"Pfullendorf, Stadt",Erststimmen,Verjüngungsforschung,,
08437088,"Pfullendorf, Stadt",Zweitstimmen,Verjüngungsforschung,0,0.0
08437100,"Bad Saulgau, Stadt",Erststimmen,Verjüngungsforschung,,
08437100,"Bad Saulgau, Stadt",Zweitstimmen,Verjüngungsforschung,1,0.4
08126039,"Ingelfingen, Stadt",Erststimmen,Volt,,
08126039,"Ingelfingen, Stadt",Zweitstimmen,Volt,4,2.6
08126046,"Künzelsau, Stadt",Erststimmen,Volt,,
08126046,"Künzelsau, Stadt",Zweitstimmen,Volt,0,0.0
08126056,Mulfingen,Erststimmen,Volt,,
08126056,Mulfingen,Zweitstimmen,Volt,0,0.0
08126072,Schöntal,Erststimmen,Volt,,
08126072,Schöntal,Zweitstimmen,Volt,0,0.0
08126085,"Waldenburg, Stadt",Erststimmen,Volt,,
08126085,"Waldenburg, Stadt",Zweitstimmen,Volt,0,0.0
08127032,"Gerabronn, Stadt",Erststimmen,Volt,,
08127032,"Gerabronn, Stadt",Zweitstimmen,Volt,1,0.3
08127047,"Langenburg, Stadt",Erststimmen,Volt,,
08127047,"Langenburg, Stadt",Zweitstimmen,Volt,0,0.0
08127073,Satteldorf,Erststimmen,Volt,3,1.8
08127073,Satteldorf,Zweitstimmen,Volt,2,1.2
08128020,"Creglingen, Stadt",Erststimmen,Volt,,
08128020,"Creglingen, Stadt",Zweitstimmen,Volt,1,0.5
08128039,"Freudenberg, Stadt",Erststimmen,Volt,,
08128039,"Freudenberg, Stadt",Zweitstimmen,Volt,0,0.0
08128047,"Grünsfeld, Stadt",Erststimmen,Volt,,
08128047,"Grünsfeld, Stadt",Zweitstimmen,Volt,0,0.0
08128058,Igersheim,Erststimmen,Volt,,
08128058,Igersheim,Zweitstimmen,Volt,0,0.0
08128061,Königheim,Erststimmen,Volt,,
08128061,Königheim,Zweitstimmen,Volt,0,0.0
08128064,"Külsheim, Stadt",Erststimmen,Volt,,
08128064,"Külsheim, Stadt",Zweitstimmen,Volt,0,0.0
08128126,"Weikersheim, Stadt",Erststimmen,Volt,,
08128126,"Weikersheim, Stadt",Zweitstimmen,Volt,0,0.0
08128128,Werbach,Erststimmen,Volt,,
08128128,Werbach,Zweitstimmen,Volt,0,0.0
08128139,"Lauda-Königshofen, Stadt",Erststimmen,Volt,,
08128139,"Lauda-Königshofen, Stadt",Zweitstimmen,Volt,0,0.0
08135010,Dischingen,Erststimmen,Volt,,
08135010,Dischingen,Zweitstimmen,Volt,0,0.0
08135016,"Giengen an der Brenz, Stadt",Erststimmen,Volt,,
08135016,"Giengen an der Brenz, Stadt",Zweitstimmen,Volt,0,0.0
08135020,"Herbrechtingen, Stadt",Erststimmen,Volt,,
08135020,"Herbrechtingen, Stadt",Zweitstimmen,Volt,0,0.0
08235006,"Altensteig, Stadt",Erststimmen,Volt,,
08235006,"Altensteig, Stadt",Zweitstimmen,Volt,0,0.0
08235020,Ebhausen,Erststimmen,Volt,,
08235020,Ebhausen,Zweitstimmen,Volt,0,0.0
08235050,Neuweiler,Erststimmen,Volt,,
08235050,Neuweiler,Zweitstimmen,Volt,1,0.6
08237073,Seewald,Erststimmen,Volt,,
08237073,Seewald,Zweitstimmen,Volt,0,0.0
08326005,"Blumberg, Stadt",Erststimmen,Volt,0,0.0
08326005,"Blumberg, Stadt",Zweitstimmen,Volt,0,0.0
08326052,"St. Georgen im Schwarzwald, Stadt",Erststimmen,Volt,,
08326052,"St. Georgen im Schwarzwald, Stadt",Zweitstimmen,Volt,0,0.0
08336087,"Todtnau, Stadt",Erststimmen,Volt,0,0.0
08336087,"Todtnau, Stadt",Zweitstimmen,Volt,0,0.0
08336089,Tunau,Erststimmen,Volt,0,0.0
08336089,Tunau,Zweitstimmen,Volt,1,1.1
08336091,"Weil am Rhein, Stadt",Erststimmen,Volt,7,2.3
08336091,"Weil am Rhein, Stadt",Zweitstimmen,Volt,5,1.6
08337062,Klettgau,Erststimmen,Volt,,
08337062,Klettgau,Zweitstimmen,Volt,2,1.0
08337125,Küssaberg,Erststimmen,Volt,,
08337125,Küssaberg,Zweitstimmen,Volt,0,0.0
08425020,"Blaubeuren, Stadt",Erststimmen,Volt,,
08425020,"Blaubeuren, Stadt",Zweitstimmen,Volt,0,0.0
08425033,"Ehingen (Donau), Stadt",Erststimmen,Volt,,
08425033,"Ehingen (Donau), Stadt",Zweitstimmen,Volt,1,0.4
08425075,Lonsee,Erststimmen,Volt,,
08425075,Lonsee,Zweitstimmen,Volt,0,0.0
08426097,"Riedlingen, Stadt",Erststimmen,Volt,0,0.0
08426097,"Riedlingen, Stadt",Zweitstimmen,Volt,0,0.0
08426121,Unlingen,Erststimmen,Volt,0,0.0
08426121,Unlingen,Zweitstimmen,Volt,0,0.0
08426124,Uttenweiler,Erststimmen,Volt,0,0.0
08426124,Uttenweiler,Zweitstimmen,Volt,0,0.0
08437031,"Gammertingen, Stadt",Erststimmen,Volt,2,1.5
08437031,"Gammertingen, Stadt",Zweitstimmen,Volt,0,0.0
08437078,"Meßkirch, Stadt",Erststimmen,Volt,2,1.5
08437078,"Meßkirch, Stadt",Zweitstimmen,Volt,0,0.0
08437088,"Pfullendorf, Stadt",Erststimmen,Volt,0,0.0
08437088,"Pfullendorf, Stadt",Zweitstimmen,Volt,0,0.0
08437100,"Bad Saulgau, Stadt",Erststimmen,Volt,2,0.9
08437100,"Bad Saulgau, Stadt",Zweitstimmen,Volt,2,0.9
08126039,"Ingelfingen, Stadt",Erststimmen,Werteunion,,
08126039,"Ingelfingen, Stadt",Zweitstimmen,Werteunion,3,2.0
08126046,"Künzelsau, Stadt",Erststimmen,Werteunion,,
08126046,"Künzelsau, Stadt",Zweitstimmen,Werteunion,0,0.0
08126056,Mulfingen,Erststimmen,Werteunion,,
08126056,Mulfingen,Zweitstimmen,Werteunion,0,0.0
08126072,Schöntal,Erststimmen,Werteunion,,
08126072,Schöntal,Zweitstimmen,Werteunion,1,0.6
08126085,"Waldenburg, Stadt",Erststimmen,Werteunion,,
08126085,"Waldenburg, Stadt",Zweitstimmen,Werteunion,0,0.0
08127032,"Gerabronn, Stadt",Erststimmen,Werteunion,,
08127032,"Gerabronn, Stadt",Zweitstimmen,Werteunion,0,0.0
08127047,"Langenburg, Stadt",Erststimmen,Werteunion,,
08127047,"Langenburg, Stadt",Zweitstimmen,Werteunion,0,0.0
08127073,Satteldorf,Erststimmen,Werteunion,,
08127073,Satteldorf,Zweitstimmen,Werteunion,0,0.0
08128020,"Creglingen, Stadt",Erststimmen,Werteunion,,
08128020,"Creglingen, Stadt",Zweitstimmen,Werteunion,0,0.0
08128039,"Freudenberg, Stadt",Erststimmen,Werteunion,,
08128039,"Freudenberg, Stadt",Zweitstimmen,Werteunion,0,0.0
08128047,"Grünsfeld, Stadt",Erststimmen,Werteunion,,
08128047,"Grünsfeld, Stadt",Zweitstimmen,Werteunion,0,0.0
08128058,Igersheim,Erststimmen,Werteunion,,
08128058,Igersheim,Zweitstimmen,Werteunion,0,0.0
08128061,Königheim,Erststimmen,Werteunion,,
08128061,Königheim,Zweitstimmen,Werteunion,0,0.0
08128064,"Külsheim, Stadt",Erststimmen,Werteunion,,
08128064,"Külsheim, Stadt",Zweitstimmen,Werteunion,0,0.0
08128126,"Weikersheim, Stadt",Erststimmen,Werteunion,,
08128126,"Weikersheim, Stadt",Zweitstimmen,Werteunion,0,0.0
08128128,Werbach,Erststimmen,Werteunion,,
08128128,Werbach,Zweitstimmen,Werteunion,0,0.0
08128139,"Lauda-Königshofen, Stadt",Erststimmen,Werteunion,,
08128139,"Lauda-Königshofen, Stadt",Zweitstimmen,Werteunion,0,0.0
08135010,Dischingen,Erststimmen,Werteunion,,
08135010,Dischingen,Zweitstimmen,Werteunion,1,0.4
08135016,"Giengen an der Brenz, Stadt",Erststimmen,Werteunion,,
08135016,"Giengen an der Brenz, Stadt",Zweitstimmen,Werteunion,0,0.0
08135020,"Herbrechtingen, Stadt",Erststimmen,Werteunion,,
08135020,"Herbrechtingen, Stadt",Zweitstimmen,Werteunion,0,0.0
08235006,"Altensteig, Stadt",Erststimmen,Werteunion,1,0.4
08235006,"Altensteig, Stadt",Zweitstimmen,Werteunion,0,0.0
08235020,Ebhausen,Erststimmen,Werteunion,1,0.9
08235020,Ebhausen,Zweitstimmen,Werteunion,1,0.9
08235050,Neuweiler,Erststimmen,Werteunion,0,0.0
08235050,Neuweiler,Zweitstimmen,Werteunion,0,0.0
08237073,Seewald,Erststimmen,Werteunion,,
08237073,Seewald,Zweitstimmen,Werteunion,0,0.0
08326005,"Blumberg, Stadt",Erststimmen,Werteunion,,
08326005,"Blumberg, Stadt",Zweitstimmen,Werteunion,0,0.0
08326052,"St. Georgen im Schwarzwald, Stadt",Erststimmen,Werteunion,,
08326052,"St. Georgen im Schwarzwald, Stadt",Zweitstimmen,Werteunion,0,0.0
08336087,"Todtnau, Stadt",Erststimmen,Werteunion,,
08336087,"Todtnau, Stadt",Zweitstimmen,Werteunion,0,0.0
08336089,Tunau,Erststimmen,Werteunion,,
08336089,Tunau,Zweitstimmen,Werteunion,0,0.0
08336091,"Weil am Rhein, Stadt",Erststimmen,Werteunion,,
08336091,"Weil am Rhein, Stadt",Zweitstimmen,Werteunion,0,0.0
08337062,Klettgau,Erststimmen,Werteunion,,
08337062,Klettgau,Zweitstimmen,Werteunion,0,0.0
08337125,Küssaberg,Erststimmen,Werteunion,,
08337125,Küssaberg,Zweitstimmen,Werteunion,0,0.0
08425020,"Blaubeuren, Stadt",Erststimmen,Werteunion,,
08425020,"Blaubeuren, Stadt",Zweitstimmen,Werteunion,0,0.0
08425033,"Ehingen (Donau), Stadt",Erststimmen,Werteunion,,
08425033,"Ehingen (Donau), Stadt",Zweitstimmen,Werteunion,0,0.0
08425075,Lonsee,Erststimmen,Werteunion,,
08425075,Lonsee,Zweitstimmen,Werteunion,0,0.0
08426097,"Riedlingen, Stadt",Erststimmen,Werteunion,,
08426097,"Riedlingen, Stadt",Zweitstimmen,Werteunion,0,0.0
08426121,Unlingen,Erststimmen,Werteunion,,
08426121,Unlingen,Zweitstimmen,Werteunion,0,0.0
08426124,Uttenweiler,Erststimmen,Werteunion,,
08426124,Uttenweiler,Zweitstimmen,Werteunion,1,0.8
08437031,"Gammertingen, Stadt",Erststimmen,Werteunion,,
08437031,"Gammertingen, Stadt",Zweitstimmen,Werteunion,0,0.0
08437078,"Meßkirch, Stadt",Erststimmen,Werteunion,,
08437078,"Meßkirch, Stadt",Zweitstimmen,Werteunion,0,0.0
08437088,"Pfullendorf, Stadt",Erststimmen,Werteunion,,
08437088,"Pfullendorf, Stadt",Zweitstimmen,Werteunion,0,0.0
08437100,"Bad Saulgau, Stadt",Erststimmen,Werteunion,,
08437100,"Bad Saulgau, Stadt",Zweitstimmen,Werteunion,0,0.0
08126039,"Ingelfingen, Stadt",Erststimmen,dieBasis,,
08126039,"Ingelfingen, Stadt",Zweitstimmen,dieBasis,0,0.0
08126046,"Künzelsau, Stadt",Erststimmen,dieBasis,,
08126046,"Künzelsau, Stadt",Zweitstimmen,dieBasis,0,0.0
08126056,Mulfingen,Erststimmen,dieBasis,,
08126056,Mulfingen,Zweitstimmen,dieBasis,0,0.0
08126072,Schöntal,Erststimmen,dieBasis,,
08126072,Schöntal,Zweitstimmen,dieBasis,1,0.6
08126085,"Waldenburg, Stadt",Erststimmen,dieBasis,,
08126085,"Waldenburg, Stadt",Zweitstimmen,dieBasis,0,0.0
08127032,"Gerabronn, Stadt",Erststimmen,dieBasis,,
08127032,"Gerabronn, Stadt",Zweitstimmen,dieBasis,1,0.3
08127047,"Langenburg, Stadt",Erststimmen,dieBasis,,
08127047,"Langenburg, Stadt",Zweitstimmen,dieBasis,3,4.5
08127073,Satteldorf,Erststimmen,dieBasis,,
08127073,Satteldorf,Zweitstimmen,dieBasis,1,0.6
08128020,"Creglingen, Stadt",Erststimmen,dieBasis,6,2.9
08128020,"Creglingen, Stadt",Zweitstimmen,dieBasis,5,2.4
08128039,"Freudenberg, Stadt",Erststimmen,dieBasis,6,2.8
08128039,"Freudenberg, Stadt",Zweitstimmen,dieBasis,2,0.9
08128047,"Grünsfeld, Stadt",Erststimmen,dieBasis,2,0.9
08128047,"Grünsfeld, Stadt",Zweitstimmen,dieBasis,1,0.5
08128058,Igersheim,Erststimmen,dieBasis,6,5.0
08128058,Igersheim,Zweitstimmen,dieBasis,0,0.0
08128061,Königheim,Erststimmen,dieBasis,2,1.4
08128061,Königheim,Zweitstimmen,dieBasis,0,0.0
08128064,"Külsheim, Stadt",Erststimmen,dieBasis,1,1.8
08128064,"Külsheim, Stadt",Zweitstimmen,dieBasis,0,0.0
08128126,"Weikersheim, Stadt",Erststimmen,dieBasis,4,6.5
08128126,"Weikersheim, Stadt",Zweitstimmen,dieBasis,4,6.5
08128128,Werbach,Erststimmen,dieBasis,3,1.6
08128128,Werbach,Zweitstimmen,dieBasis,0,0.0
08128139,"Lauda-Königshofen, Stadt",Erststimmen,dieBasis,0,0.0
08128139,"Lauda-Königshofen, Stadt",Zweitstimmen,dieBasis,0,0.0
08135010,Dischingen,Erststimmen,dieBasis,,
08135010,Dischingen,Zweitstimmen,dieBasis,0,0.0
08135016,"Giengen an der Brenz, Stadt",Erststimmen,dieBasis,,
08135016,"Giengen an der Brenz, Stadt",Zweitstimmen,dieBasis,0,0.0
08135020,"Herbrechtingen, Stadt",Erststimmen,dieBasis,,
08135020,"Herbrechtingen, Stadt",Zweitstimmen,dieBasis,0,0.0
08235006,"Altensteig, Stadt",Erststimmen,dieBasis,,
08235006,"Altensteig, Stadt",Zweitstimmen,dieBasis,1,0.4
08235020,Ebhausen,Erststimmen,dieBasis,,
08235020,Ebhausen,Zweitstimmen,dieBasis,0,0.0
08235050,Neuweiler,Erststimmen,dieBasis,,
08235050,Neuweiler,Zweitstimmen,dieBasis,0,0.0
08237073,Seewald,Erststimmen,dieBasis,,
08237073,Seewald,Zweitstimmen,dieBasis,0,0.0
08326005,"Blumberg, Stadt",Erststimmen,dieBasis,,
08326005,"Blumberg, Stadt",Zweitstimmen,dieBasis,0,0.0
08326052,"St. Georgen im Schwarzwald, Stadt",Erststimmen,dieBasis,,
08326052,"St. Georgen im Schwarzwald, Stadt",Zweitstimmen,dieBasis,2,2.3
08336087,"Todtnau, Stadt",Erststimmen,dieBasis,,
08336087,"Todtnau, Stadt",Zweitstimmen,dieBasis,0,0.0
08336089,Tunau,Erststimmen,dieBasis,,
08336089,Tunau,Zweitstimmen,dieBasis,0,0.0
08336091,"Weil am Rhein, Stadt",Erststimmen,dieBasis,,
08336091,"Weil am Rhein, Stadt",Zweitstimmen,dieBasis,0,0.0
08337062,Klettgau,Erststimmen,dieBasis,,
08337062,Klettgau,Zweitstimmen,dieBasis,0,0.0
08337125,Küssaberg,Erststimmen,dieBasis,,
08337125,Küssaberg,Zweitstimmen,dieBasis,0,0.0
08425020,"Blaubeuren, Stadt",Erststimmen,dieBasis,,
08425020,"Blaubeuren, Stadt",Zweitstimmen,dieBasis,0,0.0
08425033,"Ehingen (Donau), Stadt",Erststimmen,dieBasis,,
08425033,"Ehingen (Donau), Stadt",Zweitstimmen,dieBasis,0,0.0
08425075,Lonsee,Erststimmen,dieBasis,,
08425075,Lonsee,Zweitstimmen,dieBasis,0,0.0
08426097,"Riedlingen, Stadt",Erststimmen,dieBasis,,
08426097,"Riedlingen, Stadt",Zweitstimmen,dieBasis,0,0.0
08426121,Unlingen,Erststimmen,dieBasis,,
08426121,Unlingen,Zweitstimmen,dieBasis,0,0.0
08426124,Uttenweiler,Erststimmen,dieBasis,,
08426124,Uttenweiler,Zweitstimmen,dieBasis,1,0.8
08437031,"Gammertingen, Stadt",Erststimmen,dieBasis,,
08437031,"Gammertingen, Stadt",Zweitstimmen,dieBasis,0,0.0
08437078,"Meßkirch, Stadt",Erststimmen,dieBasis,,
08437078,"Meßkirch, Stadt",Zweitstimmen,dieBasis,1,0.8
08437088,"Pfullendorf, Stadt",Erststimmen,dieBasis,,
08437088,"Pfullendorf, Stadt",Zweitstimmen,dieBasis,0,0.0
08437100,"Bad Saulgau, Stadt",Erststimmen,dieBasis,,
08437100,"Bad Saulgau, Stadt",Zweitstimmen,dieBasis,0,0.0
08126039,"Ingelfingen, Stadt",Erststimmen,ÖDP,,
08126039,"Ingelfingen, Stadt",Zweitstimmen,ÖDP,0,0.0
08126046,"Künzelsau, Stadt",Erststimmen,ÖDP,,
08126046,"Künzelsau, Stadt",Zweitstimmen,ÖDP,0,0.0
08126056,Mulfingen,Erststimmen,ÖDP,,
08126056,Mulfingen,Zweitstimmen,ÖDP,0,0.0
08126072,Schöntal,Erststimmen,ÖDP,,
08126072,Schöntal,Zweitstimmen,ÖDP,1,0.6
08126085,"Waldenburg, Stadt",Erststimmen,ÖDP,,
08126085,"Waldenburg, Stadt",Zweitstimmen,ÖDP,0,0.0
08127032,"Gerabronn, Stadt",Erststimmen,ÖDP,,
08127032,"Gerabronn, Stadt",Zweitstimmen,ÖDP,0,0.0
08127047,"Langenburg, Stadt",Erststimmen,ÖDP,,
08127047,"Langenburg, Stadt",Zweitstimmen,ÖDP,1,1.5
08127073,Satteldorf,Erststimmen,ÖDP,1,0.6
08127073,Satteldorf,Zweitstimmen,ÖDP,2,1.2
08128020,"Creglingen, Stadt",Erststimmen,ÖDP,,
08128020,"Creglingen, Stadt",Zweitstimmen,ÖDP,0,0.0
08128039,"Freudenberg, Stadt",Erststimmen,ÖDP,,
08128039,"Freudenberg, Stadt",Zweitstimmen,ÖDP,0,0.0
08128047,"Grünsfeld, Stadt",Erststimmen,ÖDP,,
08128047,"Grünsfeld, Stadt",Zweitstimmen,ÖDP,2,0.9
08128058,Igersheim,Erststimmen,ÖDP,,
08128058,Igersheim,Zweitstimmen,ÖDP,3,2.5
08128061,Königheim,Erststimmen,ÖDP,,
08128061,Königheim,Zweitstimmen,ÖDP,0,0.0
08128064,"Külsheim, Stadt",Erststimmen,ÖDP,,
08128064,"Külsheim, Stadt",Zweitstimmen,ÖDP,0,0.0
08128126,"Weikersheim, Stadt",Erststimmen,ÖDP,,
08128126,"Weikersheim, Stadt",Zweitstimmen,ÖDP,0,0.0
08128128,Werbach,Erststimmen,ÖDP,,
08128128,Werbach,Zweitstimmen,ÖDP,0,0.0
08128139,"Lauda-Königshofen, Stadt",Erststimmen,ÖDP,,
08128139,"Lauda-Königshofen, Stadt",Zweitstimmen,ÖDP,4,9.8
08135010,Dischingen,Erststimmen,ÖDP,,
08135010,Dischingen,Zweitstimmen,ÖDP,2,0.8
08135016,"Giengen an der Brenz, Stadt",Erststimmen,ÖDP,,
08135016,"Giengen an der Brenz, Stadt",Zweitstimmen,ÖDP,0,0.0
08135020,"Herbrechtingen, Stadt",Erststimmen,ÖDP,,
08135020,"Herbrechtingen, Stadt",Zweitstimmen,ÖDP,0,0.0
08235006,"Altensteig, Stadt",Erststimmen,ÖDP,,
08235006,"Altensteig, Stadt",Zweitstimmen,ÖDP,0,0.0
08235020,Ebhausen,Erststimmen,ÖDP,,
08235020,Ebhausen,Zweitstimmen,ÖDP,1,0.9
08235050,Neuweiler,Erststimmen,ÖDP,,
08235050,Neuweiler,Zweitstimmen,ÖDP,1,0.6
08237073,Seewald,Erststimmen,ÖDP,,
08237073,Seewald,Zweitstimmen,ÖDP,0,0.0
08326005,"Blumberg, Stadt",Erststimmen,ÖDP,,
08326005,"Blumberg, Stadt",Zweitstimmen,ÖDP,0,0.0
08326052,"St. Georgen im Schwarzwald, Stadt",Erststimmen,ÖDP,,
08326052,"St. Georgen im Schwarzwald, Stadt",Zweitstimmen,ÖDP,0,0.0
08336087,"Todtnau, Stadt",Erststimmen,ÖDP,,
08336087,"Todtnau, Stadt",Zweitstimmen,ÖDP,0,0.0
08336089,Tunau,Erststimmen,ÖDP,,
08336089,Tunau,Zweitstimmen,ÖDP,0,0.0
08336091,"Weil am Rhein, Stadt",Erststimmen,ÖDP,,
08336091,"Weil am Rhein, Stadt",Zweitstimmen,ÖDP,0,0.0
08337062,Klettgau,Erststimmen,ÖDP,,
08337062,Klettgau,Zweitstimmen,ÖDP,0,0.0
08337125,Küssaberg,Erststimmen,ÖDP,,
08337125,Küssaberg,Zweitstimmen,ÖDP,0,0.0
08425020,"Blaubeuren, Stadt",Erststimmen,ÖDP,,
08425020,"Blaubeuren, Stadt",Zweitstimmen,ÖDP,0,0.0
08425033,"Ehingen (Donau), Stadt",Erststimmen,ÖDP,,
08425033,"Ehingen (Donau), Stadt",Zweitstimmen,ÖDP,0,0.0
08425075,Lonsee,Erststimmen,ÖDP,,
08425075,Lonsee,Zweitstimmen,ÖDP,0,0.0
08426097,"Riedlingen, Stadt",Erststimmen,ÖDP,,
08426097,"Riedlingen, Stadt",Zweitstimmen,ÖDP,0,0.0
08426121,Unlingen,Erststimmen,ÖDP,,
08426121,Unlingen,Zweitstimmen,ÖDP,0,0.0
08426124,Uttenweiler,Erststimmen,ÖDP,,
08426124,Uttenweiler,Zweitstimmen,ÖDP,0,0.0
08437031,"Gammertingen, Stadt",Erststimmen,ÖDP,,
08437031,"Gammertingen, Stadt",Zweitstimmen,ÖDP,0,0.0
08437078,"Meßkirch, Stadt",Erststimmen,ÖDP,,
08437078,"Meßkirch, Stadt",Zweitstimmen,ÖDP,0,0.0
08437088,"Pfullendorf, Stadt",Erststimmen,ÖDP,,
08437088,"Pfullendorf, Stadt",Zweitstimmen,ÖDP,0,0.0
08437100,"Bad Saulgau, Stadt",Erststimmen,ÖDP,,
08437100,"Bad Saulgau, Stadt",Zweitstimmen,ÖDP,0,0.0
